PhotoID,UserID,Accuracy,Latitude,Longitude,DateTaken
4256363529,97188200@n00,8.0,77.620979,12.9558,01-2010
2498375715,58419684@n00,9.0,77.177581,31.104685,05-2008
4132612622,86124626@n00,12.0,76.689891,10.127737,11-2009
12922766464,29780116@n03,16.0,77.205982,28.607156,02-2014
3736461532,21589235@n06,13.0,85.378997,27.797,02-2008
5797806581,96863630@n00,16.0,72.829148,18.9531,06-2011
2249551851,45306251@n00,12.0,90.359287,22.817801,02-2008
5097182980,10267552@n00,16.0,85.320168,27.670759,10-2010
12912116753,69754706@n02,16.0,75.850713,26.986161,11-2013
181679983,89719900@n00,10.0,86.589431,28.202767,09-2005
4610575156,16069488@n00,16.0,77.489097,27.215299,02-2010
518723723,40040700428@n01,12.0,69.167432,34.52261,05-2007
6307380477,61545321@n06,6.0,89.736328,24.487148,11-2011
2094040610,21255424@n07,11.0,78.008422,27.177843,11-2007
4553966075,46274484@n07,7.0,77.074584,28.666491,04-2010
7571328980,61784959@n00,14.0,78.021426,27.181432,07-2010
7179754898,74821492@n00,16.0,80.24958,13.060422,05-2012
9167231400,37313707@n00,16.0,84.887488,22.261891,06-2013
1030034142,8765969@n02,6.0,73.822631,15.4325,10-2006
478340424,17754816@n00,10.0,88.200988,27.309553,04-2007
8472289771,22991176@n02,6.0,72.8833,26.470573,02-2013
3074118057,41178808@n00,11.0,75.632286,35.304759,11-2008
196044558,81818938@n00,10.0,78.040094,27.175132,03-2005
2528671360,62451331@n00,14.0,78.034279,27.196033,04-2008
7536385196,8796403@n06,16.0,73.910103,15.5019,04-2004
2995917864,31302833@n04,16.0,85.31785,27.713166,07-2008
2094015084,21255424@n07,11.0,78.008422,27.177843,11-2007
6196538724,43643447@n00,7.0,89.64569,27.532629,09-2010
5845076971,7956695@n03,11.0,76.629638,11.675436,06-2011
8471778967,8796403@n06,12.0,81.889858,25.440949,02-2013
3230001369,24574470@n00,13.0,73.763494,15.549787,01-2009
2909835769,98245622@n00,16.0,73.023033,26.29732,12-2007
4473417921,35967967@n02,12.0,74.841957,34.088634,03-2010
6272830384,24203582@n04,7.0,90.628967,30.892797,10-2011
2832816007,44124298927@n01,14.0,74.876246,31.619839,08-2008
8609819430,87850762@n02,16.0,80.246694,12.811843,03-2013
168596272,69775797@n00,4.0,69.016113,34.957995,09-2005
3547590206,72155957@n00,16.0,77.193782,28.553128,04-2009
6464286529,37850683@n04,16.0,77.220668,28.610534,12-2011
3640699318,36664496@n03,16.0,77.644533,12.958675,02-2014
9642815165,60474555@n00,16.0,77.584011,13.044675,09-2013
4152380936,27647890@n03,15.0,78.04063,27.171248,11-2009
25515353,61886413@n00,5.0,84.550781,27.974997,11-2004
172118083,99373037@n00,7.0,76.481323,15.347761,06-2006
615678435,89044848@n00,15.0,78.02134,27.180611,07-2004
5946945381,53396810@n00,13.0,78.040781,27.172422,06-2011
4896737076,24574470@n00,13.0,75.177898,20.01658,08-2010
1843862955,41247690@n00,10.0,78.010826,13.223569,06-2005
327787043,16983412@n00,16.0,79.628722,29.480331,11-2006
556199541,84609891@n00,12.0,77.155351,12.30386,06-2007
8484619775,88991729@n00,16.0,77.644963,12.973977,02-2013
4864524364,41259399@n07,9.0,76.472381,15.32345,04-2009
3285236567,29795849@n00,14.0,78.011212,27.178759,10-2008
7592340524,10188642@n00,14.0,73.017883,26.298339,07-2012
7318725536,34663048@n00,14.0,76.088261,11.618945,05-2012
8988725802,10340578@n06,16.0,85.433686,27.672494,02-2013
7140456325,25652622@n00,16.0,86.651776,27.832953,04-2012
11865831233,75546495@n03,16.0,90.074677,27.45562,09-2010
8200072670,17616316@n00,16.0,79.83593,11.930508,12-2011
5750853813,76209814@n00,16.0,77.185692,28.524232,05-2009
3150517671,21994122@n04,14.0,78.39524,17.439075,10-2008
6226447319,92095273@n00,16.0,77.211311,28.640516,10-2011
5880479180,33088287@n00,16.0,85.349371,27.710069,02-2011
529141508,7956695@n03,12.0,77.697715,13.387866,06-2007
320533403,58324854@n00,11.0,75.798797,26.920233,11-2006
2094118584,21255424@n07,12.0,85.314159,27.707087,10-2007
6480504033,59151633@n00,16.0,77.324126,19.145533,11-2011
5835855654,98472009@n00,16.0,86.850833,28.141111,02-2011
6723145979,30145457@n08,12.0,77.58768,12.983278,12-2011
2091078584,63138333@n00,16.0,83.00879,25.305729,11-2007
5875266574,40584328@n00,14.0,77.622613,12.984381,06-2011
1460386861,14355801@n06,12.0,70.912027,26.911508,09-2007
4509567625,60955494@n00,11.0,82.994842,25.33813,01-2010
3319830290,11124467@n02,16.0,76.31671,9.94926,04-2008
8271249455,68987276@n05,10.0,77.113037,28.64721,12-2012
349248859,96407553@n00,16.0,76.651611,12.302183,02-2006
6510750829,50628848@n07,14.0,85.136833,25.602792,04-2011
9216694115,17046628@n08,16.0,72.825833,18.927333,05-2013
11124376326,35468149066@n01,16.0,77.161333,28.550833,08-2011
6013340353,59049593@n03,16.0,81.21025,8.591884,07-2011
3625819232,30244264@n06,14.0,80.284609,13.054437,06-2009
38184030,82785675@n00,12.0,73.198299,34.150098,08-2005
4092061369,14744444@n02,12.0,73.754138,15.54998,11-2009
307873369,57155801@n00,16.0,77.568165,13.01316,11-2006
6853090729,76413978@n08,8.0,80.870361,29.064572,10-2010
4833688225,45306251@n00,16.0,72.8426,33.745168,06-2010
6133994243,72155957@n00,13.0,74.314613,27.129347,08-2011
2076814814,72295842@n00,12.0,76.45832,15.321687,10-2007
2049949444,87232391@n00,16.0,77.571426,12.945069,11-2007
3349809612,32569173@n02,9.0,77.581329,12.99276,01-2009
3155106880,29480496@n05,12.0,73.324985,16.99236,12-2008
5384634431,48587703@n00,14.0,72.927289,22.554296,01-2011
5382531600,48587703@n00,12.0,73.820915,23.297486,01-2011
974720446,45966355@n00,12.0,73.687276,24.583968,02-2007
11361793556,13014046@n00,16.0,73.703499,15.687542,12-2013
11059546726,97725124@n00,16.0,74.878055,31.618888,11-2013
2173876557,19364701@n00,11.0,76.612472,11.69813,12-2007
12247723834,95012188@n02,16.0,72.586988,23.023836,01-2013
8371566312,49253583@n02,16.0,70.921554,26.91962,12-2012
8619589865,67331794@n08,11.0,76.912551,30.12985,03-2013
6458806717,7729354@n08,12.0,77.38306,28.621822,11-2011
6956029837,49970491@n07,10.0,88.34896,22.561073,01-2012
9247868120,11124467@n02,16.0,85.295097,27.744591,07-2013
4406684120,42673181@n07,14.0,73.914427,15.276816,02-2010
10140431236,57673737@n00,16.0,85.905077,25.381094,09-2013
5615629515,58255533@n03,16.0,79.433333,18.866666,04-2011
5734106309,34010070@n04,14.0,77.219123,28.632614,04-2011
6640967055,59275783@n04,11.0,85.309181,27.716509,12-2011
6014153459,99366248@n00,15.0,80.898427,26.871942,07-2011
4278608987,14269353@n00,10.0,87.862587,22.871149,01-2010
7540549384,8796403@n06,16.0,83.822333,28.452333,02-1994
2220027724,25897810@n00,12.0,76.331119,9.501804,01-2008
12191973514,57773506@n04,16.0,85.325258,27.673266,01-2014
6334285026,50979393@n00,16.0,73.020713,26.296461,11-2011
4191294728,16056465@n00,16.0,76.458891,15.335155,07-2009
3316743089,11124467@n02,16.0,77.828635,9.139191,04-2008
8416389653,37313707@n00,16.0,84.855963,22.255261,01-2013
6221948927,85855348@n00,16.0,75.82683,26.924061,09-2011
2093194513,21255424@n07,12.0,85.314159,27.707087,10-2007
5838046377,98472009@n00,16.0,90.608333,29.188888,02-2011
484542800,56495646@n00,11.0,88.369216,22.5365,03-2006
6305864371,27087959@n00,15.0,73.911316,15.501212,10-2011
2401911312,48889048097@n01,16.0,80.263023,13.036538,04-2008
3411937111,42162585@n00,13.0,79.833784,11.937158,03-2009
3385470662,7567977@n05,16.0,76.652019,12.311203,12-2008
8978330664,85914824@n00,16.0,80.191666,13.068333,06-2013
181280640,48889091015@n01,7.0,80.255126,13.114255,03-2006
5354174992,37850683@n04,13.0,74.15162,15.228953,01-2011
376845714,12498350@n00,7.0,86.662902,27.518015,01-2007
7187859576,63644460@n05,16.0,86.810686,27.948797,05-2012
7148773161,37850683@n04,16.0,77.201056,28.625344,05-2012
2121168928,90417577@n00,9.0,77.573089,12.963743,06-2007
10899780176,7194536@n02,16.0,83.803141,28.346375,11-2013
8798337205,17046628@n08,16.0,73.0345,19.115833,05-2013
357223393,36476418@n00,12.0,83.019647,25.319045,01-2007
8703953085,45697441@n00,16.0,77.637915,12.972982,05-2013
764383899,9895374@n08,14.0,76.385407,15.28671,02-2007
5602551732,37850683@n04,14.0,77.178397,28.533013,04-2011
8599484732,26029113@n07,10.0,90.488891,29.843621,12-2012
8558905931,31792248@n04,16.0,83.944655,28.20118,03-2013
12308744104,10297667@n06,16.0,76.805172,30.752819,10-2010
8691756679,88792132@n00,16.0,73.675346,24.571421,04-2013
6125024886,11734179@n04,5.0,77.036132,28.777289,08-2011
8699416890,44124298927@n01,16.0,80.262776,13.044748,05-2013
417928968,19364701@n00,16.0,88.351686,22.64562,02-2007
2780159593,95152037@n00,12.0,78.50315,33.90547,07-2008
174715115,63869057@n00,12.0,78.518772,17.470946,06-2006
6751198455,39507698@n05,12.0,79.046768,30.955971,10-2004
2180431116,69119358@n00,12.0,73.753108,15.531925,12-2007
3990440272,7513474@n08,13.0,76.228652,11.930339,06-2009
2540253537,9860698@n03,11.0,77.111148,10.099853,05-2008
12525039725,23061526@n00,9.0,77.21878,28.648415,10-2013
2145868600,23619903@n00,10.0,76.080322,11.137645,12-2007
2362816837,21375717@n00,12.0,75.593748,31.29124,03-2008
727935924,68556734@n00,11.0,78.011856,27.181661,06-2007
10497358315,24499854@n08,16.0,73.953616,18.49793,10-2013
8579790607,81565899@n00,16.0,73.807245,18.563972,03-2013
4436706175,57419996@n00,13.0,75.861539,13.166202,02-2010
2157115069,8616953@n04,12.0,78.009796,27.17601,12-2008
4007020031,60955494@n00,9.0,77.189941,28.658056,10-2009
5094283147,25095063@n04,16.0,72.827536,18.932733,10-2010
11683783154,9808711@n04,16.0,72.879888,19.116016,12-2013
13927278603,67977633@n08,16.0,77.673694,27.48298,04-2014
3552666296,89027534@n00,12.0,80.728225,7.953868,01-2008
549728472,89044848@n00,15.0,78.042969,27.174846,12-2006
439610664,13143455@n00,10.0,80.190582,12.624257,03-2007
3525539781,94965208@n00,12.0,77.537555,8.089312,02-2009
3923539402,38476144@n07,11.0,72.875877,19.07619,09-2009
2234663420,37525222@n00,8.0,73.995666,15.042948,01-2008
6788541640,28552823@n02,10.0,76.764907,30.737704,02-2012
4105909517,88589201@n00,14.0,77.129516,28.60077,10-2009
3659554739,29933538@n06,12.0,89.645004,27.458168,06-2009
8728850560,61079907@n00,16.0,78.04269,27.17477,03-2013
379339564,57155801@n00,16.0,75.662842,11.983913,01-2007
276169541,66493466@n00,10.0,79.344978,29.688351,10-2006
3673906667,13016759@n03,12.0,74.549961,32.520328,06-2009
882871989,10486874@n08,12.0,85.312957,27.711798,07-2007
6364944183,10244582@n00,11.0,77.994453,27.183799,11-2011
3983782892,8263540@n05,12.0,73.750019,15.56434,10-2009
6270206952,25095063@n04,16.0,73.774166,15.492011,01-2011
3118589009,78976320@n00,9.0,77.419723,23.239089,12-2008
2530430576,12276011@n02,10.0,90.77917,24.432615,05-2008
379171771,45275862@n00,16.0,88.404386,22.51268,01-2007
8310044880,78258323@n00,16.0,72.871938,18.639027,12-2012
8606930192,46273880@n00,16.0,74.524566,15.861897,03-2013
4999417242,8246898@n07,16.0,73.378722,18.080669,09-2010
90917154,54226355@n00,11.0,73.078651,33.714916,01-2006
1468027706,85914824@n00,12.0,80.292205,13.092687,10-2007
10584809345,8250978@n04,16.0,77.168022,32.306344,05-2013
6980376414,9288799@n02,16.0,79.921,24.851833,12-2011
1280957055,17178266@n00,15.0,73.824048,18.495115,08-2007
400575422,89451934@n00,11.0,72.834205,18.948992,02-2007
4541067122,60955494@n00,6.0,78.721535,20.572485,03-2010
3356982014,21874540@n00,15.0,70.912992,26.91266,03-2009
4663112237,41794718@n07,11.0,77.175693,32.248087,06-2010
35421963,21424326@n00,12.0,73.019514,26.290567,06-2005
230795680,43155522@n00,8.0,75.72052,13.394963,08-2006
3378280870,11124467@n02,16.0,77.296679,28.533695,06-2008
8693726679,88792132@n00,15.0,73.682556,24.57866,04-2013
2253225203,63709829@n00,16.0,78.042472,27.1715,09-2007
7396905446,16999444@n08,16.0,77.18625,28.524854,06-2012
4519805419,19736899@n04,9.0,88.339691,22.554415,02-2010
2021519255,70016893@n00,12.0,72.903213,18.961168,11-2007
6045175891,76664011@n00,13.0,77.239809,28.567411,07-2011
543785926,8327383@n02,8.0,77.217407,28.61587,05-2005
4125555732,88589201@n00,14.0,77.236289,28.649799,10-2009
4300472224,45463898@n05,9.0,77.111663,31.967056,09-2005
2557273141,24151837@n08,5.0,83.957519,28.323724,04-2008
4454668907,11264282@n02,6.0,73.707275,24.584592,03-2010
2122724796,90417577@n00,9.0,77.573089,12.963743,07-2007
3909548887,55104877@n00,16.0,78.577984,25.457718,08-2009
8696885815,8243625@n08,11.0,72.810104,18.890955,01-2013
5332034156,54765433@n06,16.0,88.435209,22.572219,01-2011
1678562652,42126397@n00,12.0,70.913486,26.912426,05-2007
3281229138,34073237@n04,12.0,73.91138,15.28286,01-2009
8230780630,46273880@n00,16.0,78.474602,17.361861,06-2009
1516661205,48889048097@n01,16.0,77.672116,12.967914,01-1980
1438731935,45801303@n00,16.0,75.850499,26.986125,08-2007
10161422096,91558463@n04,9.0,88.595123,27.318094,09-2013
3074585929,41178808@n00,9.0,72.868629,35.02784,11-2008
458691816,24711978@n00,11.0,77.21775,28.670708,04-2007
5478233451,29486666@n00,12.0,84.499797,27.561699,02-2011
8694942964,88792132@n00,14.0,77.218523,28.613308,04-2013
6327261810,28552823@n02,13.0,77.664241,27.085951,10-2011
3417383643,23735533@n05,12.0,78.52478,17.404373,04-2009
395374873,95672737@n00,12.0,91.100006,29.650838,02-2007
7088240705,45774179@n00,11.0,77.493095,10.23422,03-2012
2214148547,53555696@n00,16.0,72.829538,18.980218,01-2008
13951046011,123434952@n02,16.0,84.991908,24.695177,05-2013
5606541446,26557761@n00,15.0,77.878904,29.86613,03-2011
8532768271,22991176@n02,10.0,83.989105,28.227575,03-2013
336459100,43646035@n00,12.0,73.642044,24.602933,12-2006
6858994612,20897132@n00,16.0,85.349166,27.710166,03-2012
389100825,68561886@n00,12.0,77.290019,8.539093,02-2007
9040274109,8537588@n03,8.0,78.057861,30.30176,06-2013
2328347436,51035734152@n01,10.0,69.168548,34.533712,02-2008
1482638336,13962136@n03,9.0,86.686248,27.741276,05-2006
10849276424,72155957@n00,16.0,79.131925,10.782913,10-2013
6304354110,42423795@n00,16.0,73.905833,15.532333,10-2011
4721751741,14113765@n00,16.0,80.75972,7.95694,04-2010
8564042911,21375717@n00,16.0,75.591366,31.297069,03-2013
11337983253,74821492@n00,16.0,72.584808,23.012896,12-2013
12241376136,10297667@n06,16.0,78.024108,27.178225,10-2009
5403375631,47335827@n00,16.0,84.243067,28.55232,11-2010
8480761474,26621269@n00,16.0,85.307061,27.704847,10-2012
8205962554,67455754@n06,11.0,88.193748,22.192459,11-2012
4207844081,42713709@n00,14.0,76.238937,9.957184,12-2009
3488524188,37816312@n05,16.0,85.090055,20.848063,11-2008
788875568,28747587@n00,12.0,73.919448,15.235744,09-2003
4489851214,66729335@n00,16.0,72.862111,18.99542,04-2010
565473499,89044848@n00,15.0,75.837142,26.979767,01-2007
3944852391,9978960@n02,15.0,80.24738,13.085163,08-2009
42234389,71481771@n00,16.0,84.991012,24.696027,01-2005
6415347681,30789195@n07,16.0,88.247,27.016666,11-2011
4517560344,60955494@n00,4.0,82.599208,19.606841,02-2010
4226045333,9895374@n08,12.0,77.623043,14.246497,12-2008
8665993608,24499854@n08,16.0,73.939991,18.551093,04-2013
8698608122,31043283@n08,8.0,77.2229,28.606225,08-2007
9245144961,73214610@n08,13.0,76.650323,12.256056,07-2013
4028313307,55104877@n00,16.0,80.20042,13.093512,10-2009
6388545161,90237600@n00,16.0,77.588666,12.949166,11-2011
2631943552,33246833@n00,12.0,77.486572,10.232069,05-2008
5835167994,98472009@n00,16.0,90.538055,30.103888,02-2011
3335429866,11124467@n02,16.0,70.406478,23.30129,05-2008
2400694532,11124467@n02,16.0,76.486685,12.86147,04-2008
5147261965,42833030@n04,10.0,75.806694,26.907069,01-1994
3340920987,91635350@n00,10.0,81.206817,8.597315,03-2009
5365884783,48587703@n00,15.0,72.92407,22.564561,01-2011
8496712927,22991176@n02,8.0,75.769958,26.97838,02-2013
86183494,17118606@n00,12.0,74.34843,31.569614,01-2006
8306501445,87624083@n06,16.0,71.476031,33.999779,12-2012
10295475906,96854014@n02,14.0,91.116571,29.650278,10-2009
9660169610,72478268@n00,16.0,78.40413,17.385363,08-2013
2919434760,30088500@n00,16.0,90.389295,23.764176,10-2008
5716303361,25869855@n04,16.0,77.575508,34.173027,04-2011
1520797818,21375717@n00,12.0,75.593748,31.29124,10-2007
4540642652,66729335@n00,15.0,73.910973,18.536288,04-2010
374687781,12498350@n00,7.0,86.662902,27.518015,01-2007
6250500731,8997331@n04,11.0,76.644607,12.30512,10-2011
2041100525,14876615@n08,12.0,73.966741,15.25479,02-2006
3082573518,32466773@n03,14.0,73.920049,15.495701,11-2008
4609311350,9769664@n04,12.0,85.429687,27.677219,08-2009
4726220237,60955494@n00,12.0,83.993396,28.221827,05-2010
544050201,83884330@n00,16.0,77.56029,12.970214,06-2007
422081689,60799530@n00,12.0,68.820075,25.474582,02-2007
116919465,37706524@n00,16.0,78.597736,25.374274,03-2006
6273752143,24203582@n04,6.0,86.028442,28.381735,10-2011
5359190250,82253519@n00,12.0,76.170272,10.190622,12-2010
6806022145,33088287@n00,12.0,85.468654,27.657531,07-2011
216111433,14417999@n00,6.0,77.503051,34.497502,08-2006
884634205,10486874@n08,8.0,86.566772,27.934967,06-2007
5572152114,25467633@n00,16.0,77.248762,28.593226,03-2011
8718377736,13810514@n07,9.0,74.885559,34.043556,02-2013
5853885132,64225828@n03,7.0,72.828369,19.119219,05-2011
5243833105,34791752@n08,16.0,85.414656,27.676155,04-2010
8289015944,7183730@n06,16.0,79.92188,24.85212,04-2012
6334919114,28552823@n02,9.0,88.354797,22.553147,10-2011
4920678136,10392797@n03,12.0,91.309089,29.148413,08-2010
1020135631,95464641@n00,10.0,72.577743,23.032978,07-2007
4884776777,15436462@n00,16.0,73.740433,18.575808,08-2010
268949209,35032604@n00,12.0,77.564849,13.451817,10-2006
5020803605,90131400@n00,16.0,72.833833,18.9225,09-2010
4127027128,21177724@n02,16.0,77.641764,12.959545,11-2009
6618900321,73216620@n08,12.0,86.726932,27.680335,11-2011
6423491607,60629773@n07,14.0,80.021967,9.671449,11-2011
3408983149,11124467@n02,16.0,77.807372,33.83738,05-2008
8782843397,90276808@n03,15.0,72.628126,23.188436,12-2012
46717646,17352537@n00,10.0,81.008003,7.9327,08-2005
6932349443,53093282@n03,12.0,73.684272,15.745006,01-2012
354984327,58435577@n00,12.0,76.247863,9.956846,12-2006
5838721740,30851923@n04,14.0,85.781936,25.861135,06-2011
4529619223,60955494@n00,11.0,74.323196,14.546034,03-2010
64163243,57155801@n00,10.0,77.213973,28.610144,11-2005
164694392,98719591@n00,8.0,77.165222,32.268555,05-2006
5597546850,37850683@n04,14.0,77.181358,28.524548,04-2011
8461649626,22991176@n02,6.0,73.168945,28.188243,02-2013
13227736835,91316426@n04,16.0,77.624374,13.000819,09-2013
10195655055,8078844@n07,16.0,75.700813,20.552755,01-2012
2235063828,43186907@n00,15.0,76.460766,15.337705,02-2008
5353339321,9643110@n08,12.0,76.709289,10.005452,05-2010
3317352996,11124467@n02,16.0,77.989868,9.825848,04-2008
4736710471,51504857@n03,14.0,76.329295,9.973204,05-2010
303615869,33246833@n00,12.0,79.690532,11.400105,11-2006
345568668,68222897@n00,16.0,85.361916,27.721438,12-2005
8293394005,30703260@n08,14.0,74.038753,14.986659,12-2012
8081753358,39489503@n00,16.0,84.531622,27.561258,10-2012
2642529157,19364701@n00,11.0,76.612472,11.69813,07-2008
4433946462,49291907@n00,16.0,76.476183,15.342243,02-2010
601092764,89044848@n00,15.0,76.657619,12.427063,07-2004
5115280750,25095063@n04,16.0,77.202213,28.556033,10-2010
106170529,48889048097@n01,7.0,73.808898,18.549928,02-2006
2959158690,29955347@n06,12.0,88.765325,22.091207,10-2008
5432440945,27788004@n02,14.0,72.871241,19.075543,02-2011
241367576,32573704@n00,12.0,80.266542,13.080063,09-2006
6595810207,57716062@n06,11.0,80.244483,13.062589,02-2011
3603893184,22451301@n00,14.0,78.067474,30.461214,05-2009
8488270413,24560044@n08,11.0,71.559341,34.009151,01-2006
2434836111,46529447@n00,11.0,83.195343,18.643317,03-2006
6034906379,66261327@n00,8.0,74.626007,26.47549,01-2011
2123730558,90417577@n00,9.0,77.573089,12.963743,08-2007
3971394433,41894169856@n01,9.0,76.24855,9.946915,09-2009
4278578599,14269353@n00,10.0,87.862587,22.871149,01-2010
3659599837,12276011@n02,14.0,90.389842,23.70179,06-2009
6734487211,9620344@n08,12.0,87.6721,21.651524,01-2012
5427573615,63897193@n00,10.0,77.21569,28.641183,12-2010
6162977301,65638600@n05,12.0,90.391044,23.702851,09-2009
2344110832,24661421@n02,16.0,85.276619,27.717972,11-2007
2895905336,68509408@n00,11.0,68.435039,33.539677,08-2004
2440402223,60627558@n00,13.0,73.019256,26.292645,02-2008
4043664267,68222897@n00,16.0,77.625338,32.388336,09-2009
4370019733,38458469@n02,12.0,76.328887,32.230954,02-2010
8223669819,46273880@n00,16.0,73.335847,16.557102,08-2008
117263675,37706524@n00,16.0,79.924678,24.859415,03-2006
4545026987,49291907@n00,16.0,78.042176,27.17186,03-2010
5627106915,37850683@n04,15.0,77.183632,28.521023,04-2011
238196374,73876849@n00,12.0,72.82545,19.091482,09-2006
5053101587,52032216@n00,12.0,91.132278,29.655015,01-2007
370075801,61009686@n00,16.0,90.737579,27.587406,03-2005
2703180044,12209941@n00,12.0,74.167671,17.281808,06-2008
350451861,36323312@n00,12.0,80.265941,12.994689,12-2006
4876881312,79581021@n00,13.0,75.800085,12.185928,02-2010
53913724,21424326@n00,12.0,76.297731,9.976712,08-2005
613981325,89044848@n00,12.0,79.92897,24.852562,07-2004
8555368627,22991176@n02,10.0,85.317764,27.713926,03-2013
4460621301,10519936@n07,13.0,91.099576,29.650852,12-2007
5384485274,25762759@n05,16.0,84.85,22.216666,01-2011
4723485234,60955494@n00,12.0,83.993396,28.221827,04-2010
4793901666,53739619@n00,16.0,73.379058,18.763313,03-2008
34337783,29465723@n00,12.0,70.897178,26.911814,08-2005
2177770639,89165847@n00,12.0,78.473024,17.376197,01-2008
6845667379,54481271@n00,16.0,74.787808,13.013307,02-2012
4678526928,43258217@n02,9.0,74.870452,31.652212,06-2010
2811895965,25794509@n05,4.0,91.054687,23.997627,07-2008
2255820565,15271731@n00,12.0,77.006177,28.475934,10-2008
5413741483,11083093@n02,15.0,76.45243,15.334808,01-2011
1668717879,9643247@n08,4.0,76.948242,10.250059,09-2007
12525144005,23061526@n00,9.0,77.21878,28.648415,10-2013
6221106367,85855348@n00,16.0,75.787952,26.927786,09-2011
7271573194,76200355@n03,11.0,90.400314,23.696249,04-2012
5581195745,37850683@n04,16.0,77.224745,28.625919,04-2011
4401725713,23874626@n06,15.0,76.978658,8.385197,02-2010
7972971714,14016143@n06,14.0,77.192816,32.32384,08-2012
5879543841,40584328@n00,15.0,77.624995,12.980743,06-2011
5431173535,9048128@n07,12.0,73.902111,15.501243,02-2011
7808969718,86054849@n00,16.0,80.18991,12.609283,08-2012
6035435416,66261327@n00,6.0,77.052612,28.719496,01-2011
223157595,45075446@n00,6.0,78.475341,17.507867,08-2006
3358280936,9620344@n08,16.0,88.343038,22.547816,12-2008
1548606292,21375717@n00,12.0,75.593748,31.29124,10-2007
3271524303,30889436@n05,15.0,77.244958,28.608825,01-2009
3926384433,72155957@n00,14.0,75.396723,22.348686,08-2009
6780852051,59318060@n04,16.0,77.185161,28.525168,01-2012
5035159626,78305168@n00,9.0,76.704551,11.40692,09-2010
3313798668,28296578@n00,13.0,76.241598,9.964792,02-2009
366142721,24648752@n00,14.0,72.823991,18.937667,01-2007
4114288543,40492005@n05,16.0,77.217932,28.620626,11-2008
8647466897,74821492@n00,16.0,78.240287,17.304639,04-2013
12399693973,81565899@n00,16.0,73.920441,18.561325,02-2014
357728284,61799059@n00,12.0,74.645748,36.295896,01-2007
4669370665,74894751@n00,16.0,84.162625,28.606433,05-2010
4539042481,51035715376@n01,16.0,72.930464,18.966784,04-2010
229191793,18645779@n00,8.0,78.461608,17.421408,08-2006
8558292683,36859875@n00,16.0,77.184666,28.524333,03-2013
10727544095,67564216@n00,16.0,77.088386,28.477316,11-2013
5768757997,7956695@n03,13.0,76.885671,12.280505,05-2011
362377280,59752540@n00,9.0,77.560729,12.984485,01-2007
2093426013,21255424@n07,11.0,73.693885,24.579753,11-2007
4271139426,60955494@n00,10.0,83.007545,25.31889,11-2009
5095667017,25473113@n08,7.0,76.349487,27.945886,09-2010
11728233265,91418149@n03,11.0,82.988098,25.31471,11-2012
6619629685,73216620@n08,15.0,83.009262,25.306835,12-2011
10887778296,81565899@n00,16.0,73.87953,18.51733,11-2013
5288665894,49809164@n05,16.0,78.021844,27.177633,11-2010
3379054654,86353793@n00,13.0,73.699035,15.690062,03-2009
3327479371,28296578@n00,12.0,76.688192,8.758578,03-2009
4521427340,7730549@n03,12.0,77.114753,28.645552,03-2010
7903231012,36497840@n02,11.0,77.530006,34.169658,08-2012
6035590327,72295842@n00,14.0,76.30635,9.793457,08-2011
2108058601,16173098@n08,6.0,76.651611,8.77651,03-1983
5057326597,35032604@n00,12.0,76.468963,15.356783,10-2010
6684436445,58076840@n08,16.0,77.289489,28.638349,01-2012
8403900495,23930118@n04,11.0,72.819786,18.924474,11-2012
8369995246,41346951@n05,13.0,72.836265,18.940874,12-2012
4507745084,8997331@n04,11.0,77.578292,12.811679,04-2010
8200312572,89288933@n07,13.0,77.213029,28.687048,10-2012
229957065,57969638@n00,12.0,76.665515,10.123512,01-2006
3509802064,30889436@n05,14.0,73.344254,27.796527,05-2009
4514802768,19736899@n04,12.0,91.878143,25.583499,02-2010
6823442003,8010579@n04,11.0,88.781204,27.360181,12-2011
7479342170,74821492@n00,16.0,78.486671,17.385044,07-2012
101961720,95674706@n00,16.0,76.256446,9.960523,01-2006
607475800,89044848@n00,14.0,80.050721,24.870123,07-2004
3086861560,27207517@n08,13.0,78.02576,27.178225,12-2008
11059447754,97725124@n00,16.0,74.879722,31.621111,11-2013
407698885,17144160@n00,12.0,74.32105,14.519032,01-2007
3075272678,41178808@n00,11.0,74.797433,35.709467,11-2008
5326289188,57875985@n02,16.0,83.340498,17.725219,12-2010
2142775093,21063397@n00,14.0,77.586479,12.950652,12-2007
216035148,14417999@n00,6.0,77.503051,34.497502,08-2006
2891874550,72787861@n00,10.0,69.163055,34.530318,09-2008
4950063475,41109263@n00,13.0,69.595041,23.679114,05-2010
4856521134,9643110@n08,11.0,76.710319,10.00672,01-2010
291217458,63375405@n00,12.0,73.669767,24.576631,11-2006
2525164723,62451331@n00,15.0,78.119359,9.920091,02-2008
4021699425,88426469@n00,16.0,70.914022,26.912656,09-2009
1197345371,11241023@n03,4.0,76.992187,29.382175,08-2005
4086344456,7946624@n03,10.0,76.29737,9.931314,10-2009
4225793363,8274782@n04,16.0,71.27335,36.414491,09-2009
3984411808,22451301@n00,12.0,72.931537,18.963603,09-2009
5478944280,55013356@n02,11.0,90.235176,23.919893,02-2011
5107713804,25095063@n04,16.0,72.871019,19.13893,10-2010
1831976815,7669837@n08,8.0,72.816009,18.963441,10-2007
7987854700,72155957@n00,14.0,77.22908,28.671235,09-2012
8646940256,41073622@n06,16.0,77.555333,8.078265,03-2013
106171174,48889048097@n01,7.0,73.808898,18.549928,02-2006
4314240964,25824202@n02,13.0,73.764524,15.537135,11-2009
8380677144,10383800@n08,8.0,72.817382,19.028366,12-2012
11060760964,77179348@n00,16.0,77.610038,12.966775,11-2013
4663728790,41794718@n07,11.0,77.175693,32.248087,06-2010
1103542145,90704495@n00,12.0,75.788497,13.544874,08-2007
59802208,92095273@n00,12.0,74.320106,14.545951,12-2004
516681215,68222897@n00,16.0,77.6112,33.778597,09-2004
8582285462,21375717@n00,16.0,76.988,30.824319,02-2013
6753597651,30582479@n08,16.0,89.361366,27.483022,05-2011
2524550374,27000293@n04,6.0,90.329589,23.755181,05-2008
787572527,96367952@n00,16.0,89.528611,28.968722,05-2007
770716372,96367952@n00,16.0,91.133972,29.698888,05-2007
2119348195,21932201@n04,14.0,74.809212,12.910352,12-2007
2218561588,16874065@n00,9.0,78.008422,27.198457,01-2008
1017866338,95464641@n00,10.0,72.577743,23.032978,07-2007
6892485337,76413978@n08,8.0,80.870361,29.064572,07-2008
2093354963,21255424@n07,11.0,73.693885,24.579753,11-2007
5384759629,48587703@n00,15.0,72.926731,22.549738,01-2011
6273378407,24203582@n04,6.0,86.028442,28.381735,10-2011
5478980700,44048128@n00,14.0,72.820472,18.927234,02-2011
5085728075,30827837@n00,15.0,73.854582,18.509416,10-2010
1191816443,88188214@n00,12.0,77.584762,12.946093,06-2006
8534966142,62344190@n04,14.0,81.884322,25.441879,02-2013
4092828936,14744444@n02,12.0,73.754138,15.54998,11-2009
4224655604,43337914@n00,16.0,76.286112,9.980609,12-2009
5427358165,61009686@n00,16.0,77.20397,33.981233,01-2011
799554321,96367952@n00,16.0,86.827361,28.195472,05-2007
3458714864,24776728@n08,12.0,74.850883,34.127934,08-2007
2842014079,42656687@n00,14.0,77.179856,31.115193,09-2008
243863350,18733834@n00,9.0,77.20642,28.639376,09-2006
3270923233,7729354@n08,12.0,77.38306,28.621822,02-2009
2063701880,70268842@n00,11.0,69.129924,34.517306,11-2007
8462692972,10349159@n08,16.0,72.875071,19.226535,02-2013
4040506662,40954626@n00,13.0,72.8306,19.126599,10-2009
436896661,24086895@n00,16.0,85.324666,27.673166,09-2006
8180819663,44687892@n04,15.0,85.30961,27.706038,11-2012
296855715,80439550@n00,10.0,88.354797,22.56995,12-2005
11494572763,22890158@n08,16.0,78.02193,27.178578,12-2013
3102482149,48087087@n00,8.0,86.750793,27.902203,12-2008
5243834825,34791752@n08,16.0,85.416901,27.67558,04-2010
7973408034,14016143@n06,13.0,77.911863,33.305281,08-2012
8556287217,36859875@n00,16.0,77.247666,28.592666,03-2013
163652018,63189496@n00,12.0,80.198307,12.622331,01-2006
3683581785,48889048097@n01,13.0,78.671207,10.777367,06-2009
5793559024,53997993@n05,8.0,72.861327,19.133059,09-2009
1379293745,12030209@n05,8.0,76.712036,8.738506,08-2007
11060397116,60425842@n02,10.0,89.940948,27.425414,07-2008
8174428854,80373436@n00,16.0,75.828055,26.923055,10-2012
399403485,45275862@n00,12.0,88.358402,22.57106,01-2003
6673226123,50383637@n07,3.0,81.738281,29.458731,11-2005
7949747352,9138264@n06,16.0,87.980488,29.074566,08-2011
2020074064,53555696@n00,12.0,72.927589,18.536094,11-2007
3143660020,52883897@n00,14.0,77.545666,12.939827,12-2008
855205753,34816987@n00,12.0,76.464843,15.28435,07-2007
5488187401,34406101@n05,16.0,88.331834,22.536526,03-2010
3051775249,25824202@n02,13.0,73.734827,15.599973,11-2008
268856329,15117918@n00,11.0,73.675689,34.186387,01-2006
5476999841,55227776@n04,16.0,75.5716,30.9795,02-2011
12938430433,44124380238@n01,16.0,72.822875,18.994608,02-2014
5322773980,56050743@n02,16.0,76.9445,11.1424,01-2011
4335190168,60955494@n00,11.0,77.994453,27.183799,12-2009
218331156,90559965@n00,12.0,78.083095,30.453705,10-2005
6993674136,65326158@n00,16.0,82.061041,25.53373,04-2012
4460673273,10519936@n07,13.0,91.099576,29.650852,12-2007
3550328252,29480496@n05,12.0,73.329277,16.986614,10-2007
9655609040,87686038@n07,16.0,78.042155,27.175072,08-2013
2556835188,48193103@n00,16.0,72.833068,18.921693,06-2008
6189750416,60545731@n06,12.0,73.786582,15.464186,09-2011
4283909801,60955494@n00,10.0,83.007545,25.31889,11-2009
1523762084,93904837@n00,11.0,76.981887,9.830015,05-2006
3760452555,81102241@n00,12.0,76.46759,15.327234,07-2009
5547741349,60905522@n08,11.0,77.170372,32.237488,06-2010
5342583259,12050220@n05,16.0,85.0475,24.736666,12-2010
829579315,76281529@n00,11.0,77.21878,28.60306,07-2007
5572357740,25467633@n00,16.0,77.251819,28.592331,03-2011
3452434460,43186907@n00,13.0,73.808383,15.522332,04-2009
1411142609,65809978@n00,16.0,76.368122,32.186113,09-2007
3393401549,11124467@n02,16.0,86.47808,25.541588,06-2008
96851283,26587560@n00,11.0,73.733711,15.580545,02-2006
9935226835,97693278@n07,16.0,77.594538,12.956205,09-2013
3465006308,24776728@n08,11.0,73.660926,17.931702,06-2007
4292334711,25824202@n02,11.0,76.470336,15.319287,11-2009
10789339266,8250978@n04,16.0,78.430655,33.957552,05-2013
6307381115,61545321@n06,6.0,89.736328,24.487148,11-2011
8454065650,33545812@n00,16.0,77.699173,12.95015,01-2013
7987900897,72155957@n00,16.0,77.212117,28.676151,09-2012
4524280044,39768211@n07,13.0,79.466557,29.377762,01-2010
2149273268,10007579@n00,12.0,74.55511,18.148787,08-2007
2896589101,72155957@n00,15.0,77.179491,28.530208,09-2008
4107109540,42833030@n04,8.0,77.54425,8.108176,08-1986
8245516813,29382029@n03,16.0,78.016701,27.1833,11-2012
4676174105,23808252@n00,14.0,77.095956,28.505712,06-2010
6934676267,28552823@n02,10.0,76.764907,30.737704,02-2012
3598394917,65847570@n00,5.0,90.944824,29.802517,06-2009
6953465260,46783079@n00,16.0,77.249647,28.640077,03-2012
2474081926,46052482@n00,11.0,86.721954,27.483603,04-2007
6529122673,80209127@n00,16.0,76.471056,10.290331,12-2011
144236878,27703725@n00,12.0,78.024301,27.178836,03-2006
232589773,71751754@n00,12.0,77.562961,34.16757,08-2006
3493809937,84207927@n00,14.0,77.33757,8.242198,04-2008
4527519206,60955494@n00,11.0,74.323196,14.546034,02-2010
5803359681,63073819@n00,16.0,77.641833,12.968666,06-2011
9487015558,37583176@n00,13.0,69.145202,34.571178,08-2013
2377903418,38323841@n00,12.0,77.510089,27.194334,03-2008
527415275,8638355@n06,16.0,88.400233,22.984273,03-2007
2352045106,23245178@n08,16.0,77.242856,28.657994,12-2005
8063572496,40848107@n00,16.0,78.042333,27.174666,09-2012
3012588316,81425939@n00,16.0,85.348867,27.709951,10-2008
5845590366,7956695@n03,11.0,76.629638,11.675436,06-2011
3189352234,39773610@n00,9.0,78.001556,27.195403,12-2008
8236885106,26621269@n00,16.0,86.815202,27.948786,10-2012
8181342164,25403423@n00,16.0,75.916763,22.700686,11-2012
11061428693,77179348@n00,16.0,76.696811,12.419472,11-2013
3156599245,32466773@n03,16.0,73.839604,15.375668,01-2008
5855795137,43173953@n02,14.0,77.5497,8.081983,06-2011
5057442333,35032604@n00,13.0,76.470937,15.3173,10-2010
4855419425,41894197861@n01,13.0,85.312871,27.712617,07-2010
2230782094,56796376@n00,16.0,77.159696,9.608615,11-2007
4194181101,45516485@n00,11.0,75.24485,13.213879,12-2009
5510912430,8973616@n06,11.0,75.572402,31.33023,01-2011
8679033001,70901325@n07,12.0,83.277568,27.499744,04-2013
2782755789,48889048097@n01,16.0,77.672266,12.967496,07-2008
6717673469,57716062@n06,10.0,77.413101,28.676732,02-2011
122736054,15792768@n00,11.0,80.293579,13.091516,03-2006
2726120816,66562430@n00,12.0,74.740333,19.10673,08-2008
6500088827,37850683@n04,16.0,77.241579,28.663732,12-2011
6322959782,62274725@n00,16.0,76.679956,10.125012,10-2011
4557608626,78433558@n00,12.0,68.135833,27.329303,01-2010
9336182759,73904611@n03,10.0,77.576522,12.980471,07-2013
4381290252,46288142@n05,14.0,77.238178,28.656719,02-2010
12081477205,113353244@n05,13.0,76.652555,12.308557,12-2013
5703599006,72155957@n00,14.0,82.040104,27.508584,05-2011
2408053222,96722797@n00,13.0,78.023271,27.179446,04-2008
2407628198,11249930@n03,15.0,80.234709,13.084807,10-2007
613370845,89044848@n00,12.0,79.92897,24.852562,07-2004
2334390512,24661421@n02,16.0,85.370582,27.744666,11-2007
11097661586,71917673@n07,16.0,80.24198,13.032388,11-2013
4461454768,10519936@n07,13.0,91.099576,29.650852,12-2007
842682925,87232391@n00,16.0,77.619325,12.974062,07-2007
25516970,61886413@n00,5.0,84.550781,27.974997,11-2004
13041477663,43904604@n06,16.0,83.010292,25.307029,03-2014
3353194023,44124298927@n01,15.0,80.239398,13.035592,03-2009
6892383749,76413978@n08,8.0,80.870361,29.064572,02-2011
5322505065,44124448383@n01,16.0,77.122544,11.902091,12-2010
6388566481,90237600@n00,16.0,77.573833,12.959333,11-2011
10126063633,100420588@n05,16.0,74.609416,35.193861,07-2009
39921485,65346936@n00,11.0,77.213287,32.33878,07-2005
3706375648,57768217@n00,16.0,77.619666,12.973333,07-2009
4518043576,60955494@n00,4.0,82.599208,19.606841,02-2010
4080789704,72155957@n00,15.0,73.01932,26.299286,10-2009
4325861582,97188200@n00,8.0,77.620979,12.9558,02-2010
8643804029,44944819@n00,16.0,79.131281,10.782521,10-2010
8550490368,22991176@n02,10.0,85.423507,27.690216,03-2013
2047258885,22598847@n00,12.0,80.020294,13.580836,11-2007
6741587913,85855348@n00,16.0,90.461802,27.504983,12-2011
149223661,49502969231@n01,10.0,76.651954,9.939092,05-2006
1446346585,7399347@n05,11.0,73.868293,18.533978,09-2007
3707869842,29208923@n06,15.0,76.976416,29.678097,05-2009
7287296348,51917228@n05,10.0,77.326583,31.872892,05-2012
2671941614,21063397@n00,14.0,77.615704,12.985322,07-2008
7114594937,61545321@n06,11.0,89.558006,22.842599,03-2012
779106036,96367952@n00,16.0,90.715277,29.357083,05-2007
6999541933,21532636@n05,10.0,74.874572,31.651043,12-2011
4005820862,7177420@n03,16.0,77.241975,28.655949,10-2009
3389853714,11124467@n02,16.0,77.666291,27.096705,06-2008
433430244,24711978@n00,9.0,73.906402,15.276236,03-2007
2861692275,19261460@n00,16.0,77.244486,28.605514,09-2008
442302829,48600078915@n01,10.0,72.833862,19.095213,03-2007
4855699704,41894197861@n01,13.0,85.312871,27.712617,07-2010
5225815103,7757034@n07,12.0,86.709938,27.804157,10-2010
6376881395,80209127@n00,16.0,77.258195,8.392768,11-2011
6487098293,50628848@n07,14.0,85.298538,25.504605,04-2011
6901345539,42149364@n03,16.0,73.800417,18.564722,02-2012
4875901507,51668926@n00,9.0,77.547082,8.07614,12-1999
3268421593,14669743@n00,15.0,77.207386,28.614664,02-2009
5236966595,43911185@n07,8.0,72.866821,19.130896,12-2010
7988798056,22817957@n03,16.0,80.994477,26.874561,08-2012
5097024752,10267552@n00,16.0,86.725555,27.817368,09-2010
4091953427,15237218@n00,16.0,77.170854,28.595054,11-2009
10149620394,57673737@n00,16.0,85.001905,25.001616,09-2013
5522785943,11327807@n02,12.0,73.697147,15.694938,12-2010
4342364125,44124286026@n01,16.0,72.839999,19.01,01-2010
4194659548,72275263@n00,16.0,75.073286,28.239394,12-2009
228271648,13812819@n00,6.0,73.861083,24.861518,08-2006
7385946266,38495807@n04,16.0,77.231166,28.655467,05-2012
4514499852,60955494@n00,11.0,82.994842,25.33813,01-2010
3037494735,15237218@n00,16.0,77.170854,28.595054,11-2008
5849757449,68877611@n00,16.0,78.041166,27.175,03-2011
8611213389,70806177@n00,16.0,77.223333,28.604833,03-2013
4281162128,46643494@n06,12.0,72.83575,18.942497,01-2010
4246838563,60955494@n00,5.0,79.799693,27.49144,10-2009
1512903681,67793730@n00,12.0,81.887626,25.426067,10-2007
6825246279,54955309@n00,16.0,88.344806,22.52628,01-2012
1546046934,90236105@n00,12.0,74.644203,24.893365,04-2007
6485824693,84292292@n00,16.0,88.348449,22.584611,11-2011
5495870929,54689415@n00,11.0,77.612915,14.657499,01-2011
8628038919,95726175@n00,15.0,88.342298,22.544526,02-2013
8087061485,58736394@n06,16.0,78.299217,32.024232,09-2012
8467186515,91540002@n02,16.0,76.707744,10.216537,02-2013
2937097454,27526538@n07,10.0,75.872955,13.175436,10-2008
8734344625,36864785@n00,16.0,75.823752,26.925991,02-2013
10111114854,46927390@n00,16.0,77.166408,9.553763,08-2013
244695687,75286866@n00,10.0,77.209167,28.665587,09-2006
2043959434,17616316@n00,16.0,72.584052,23.022018,11-2007
1292899092,88188214@n00,12.0,77.584762,12.946093,09-2007
2434843873,46529447@n00,11.0,83.195343,18.643317,03-2006
2919824351,27526538@n07,12.0,75.58113,13.933567,10-2008
420969226,7312938@n07,10.0,88.490753,22.755287,01-2007
58932564,30835617@n00,4.0,83.100585,17.85329,11-2005
4412328945,13320526@n05,15.0,83.136312,17.653714,12-2008
4298912638,30979614@n07,16.0,88.351321,22.560766,11-2009
5725679817,36813143@n08,12.0,77.156467,32.215996,05-2011
2748278017,19769914@n00,11.0,74.578285,31.609095,08-2008
2093848178,21255424@n07,12.0,85.314159,27.707087,10-2007
251176369,96793708@n00,12.0,71.552066,34.006423,08-2006
3314756899,53555696@n00,12.0,77.65789,27.100851,01-1980
324615118,48889048097@n01,16.0,77.672116,12.967914,12-2006
8390463678,46273880@n00,16.0,72.884986,19.223727,12-2011
6490826061,12810816@n08,11.0,85.430717,27.675623,11-2011
5478255371,54925521@n06,15.0,75.843343,26.95633,01-2011
7060163601,7183730@n06,16.0,77.230166,28.614333,03-2012
7196170840,52499764@n00,16.0,85.306574,27.706678,09-2010
3092500732,27207517@n08,13.0,75.786437,26.895817,12-2008
5998880621,63740909@n06,11.0,70.072002,22.471637,07-2011
6134377298,72155957@n00,12.0,75.209827,33.760915,06-2011
2530275310,27086953@n04,16.0,81.853755,25.457021,05-2008
6322606650,30402562@n07,15.0,73.856213,18.530585,11-2011
2434866993,46529447@n00,11.0,83.035869,18.209947,07-2006
5838526910,98472009@n00,16.0,89.855277,28.834722,02-2011
6162342638,9126603@n05,14.0,77.3339,28.374674,04-2011
6618948763,73216620@n08,12.0,86.726932,27.680335,12-2011
5178989343,41712459@n08,13.0,78.024158,27.188799,11-2010
2517040059,15979571@n00,13.0,76.65101,28.20689,02-2008
8606526703,46273880@n00,16.0,76.461127,15.332841,03-2013
10121580274,57673737@n00,16.0,91.890816,25.58235,09-2013
3049142722,25824202@n02,11.0,76.474456,15.325412,11-2008
382765706,37403827@n00,12.0,73.688478,24.581314,01-2007
3476539876,10504927@n08,16.0,90.11441,22.157885,03-2009
2878766616,86827018@n00,6.0,77.546264,34.172271,09-2008
3173236024,38419041@n00,14.0,80.276069,13.037087,06-2008
7694483134,34804966@n03,11.0,90.380744,23.719039,08-2012
3165770420,48889048097@n01,16.0,80.272593,13.037327,12-2008
9485763603,15987342@n00,16.0,78.021811,27.178152,03-2013
1975885943,78898908@n00,9.0,77.103424,8.744614,11-2007
7540565436,8796403@n06,16.0,83.822333,28.452333,02-1994
5163861425,72155957@n00,15.0,80.900959,26.873123,10-2010
2109305221,65918756@n00,10.0,83.003768,25.236,03-2005
6662653835,80209127@n00,16.0,76.230051,9.981741,01-2012
8246630558,29382029@n03,16.0,76.316704,9.4833,11-2012
364479433,81977592@n00,9.0,77.579956,12.977794,01-2007
8263257319,41897878@n00,12.0,85.309696,27.686872,12-2012
3405481170,11124467@n02,16.0,75.419094,34.262347,05-2008
8640412913,58433801@n07,16.0,80.023614,9.729305,03-2013
2433883840,60466964@n00,11.0,77.11235,28.653537,04-2008
3414221781,11124467@n02,16.0,77.109571,32.485306,05-2008
5175148635,20144186@n04,16.0,78.422185,17.413581,11-2010
6093664496,76664011@n00,16.0,75.182899,20.0165,08-2011
3721202356,88078580@n00,11.0,77.5288,34.173322,07-2009
11046911543,94128596@n06,15.0,75.794377,23.158235,06-2012
261571376,58812071@n00,12.0,77.054328,9.57773,12-2005
4034379944,60955494@n00,12.0,78.303165,30.118774,10-2009
5094460247,25095063@n04,16.0,72.834238,18.922841,10-2010
6835068191,24560044@n08,2.0,82.794761,21.7866,01-2011
7209008818,53409047@n06,11.0,77.620979,12.9558,05-2012
4745805301,60955494@n00,10.0,83.007545,25.31889,01-2010
7534112168,8796403@n06,16.0,72.839996,19.01,01-2001
12521205233,10102464@n05,16.0,73.81731,15.494461,02-2014
3521181419,72605979@n00,14.0,77.950551,27.22025,01-2009
2093220223,21255424@n07,11.0,78.008422,27.177843,11-2007
119456778,79395955@n00,12.0,91.695327,26.188253,03-2006
4589637727,46274484@n07,7.0,77.074584,28.666491,04-2010
7284665394,51917228@n05,10.0,77.326583,31.872892,05-2012
97228662,63869057@n00,9.0,77.20642,28.679744,02-2006
525611643,13045501@n00,12.0,78.02267,27.182195,10-2004
40549242,21424326@n00,12.0,78.0128,27.175705,06-2005
5351696462,48587703@n00,14.0,72.927289,22.554296,01-2011
383786242,77986264@n00,12.0,85.315361,27.708303,12-2005
8477576876,52755208@n00,12.0,85.326967,27.654401,02-2013
5363901209,45516485@n00,16.0,77.594407,12.987324,01-2011
3934184406,97419169@n00,10.0,80.460777,8.233576,09-2009
1036311325,56796376@n00,16.0,75.851137,26.986596,07-2007
2365359487,21140594@n03,12.0,85.585727,27.644682,03-2008
1658772801,57704782@n00,12.0,78.010311,27.190364,09-2007
5709078589,53919414@n00,16.0,79.299208,21.783266,05-2011
3332424891,32928755@n00,16.0,78.023027,27.17763,03-2009
3555206243,36249012@n05,16.0,77.21687,28.707743,05-2009
5481430925,55035375@n03,9.0,91.746688,22.384026,06-2008
2474059362,46052482@n00,11.0,86.721954,27.483603,04-2007
4104846743,31778458@n00,14.0,74.693341,13.628032,11-2009
5548376662,60905522@n08,11.0,77.170372,32.237488,06-2010
3384687870,71729157@n00,11.0,91.178627,27.675374,03-2009
989276139,87374365@n00,11.0,77.218093,28.643293,07-2007
5404243917,47335827@n00,16.0,83.765641,28.804269,11-2010
4552815690,41556154@n06,16.0,78.016701,27.1833,01-2007
7248444558,50762723@n02,15.0,73.923212,18.47552,05-2012
3702710561,72155957@n00,16.0,77.18036,28.519281,06-2009
3847171964,28705377@n04,13.0,83.605957,28.636927,10-2008
5149326591,60955494@n00,11.0,77.994453,27.183799,10-2009
3393903461,11124467@n02,16.0,86.47959,25.550483,06-2008
2498978998,41894181187@n01,16.0,77.221136,28.632716,05-2008
7477621632,59540304@n05,14.0,91.903123,25.582549,05-2011
4185861941,97844770@n00,14.0,85.360035,27.706441,11-2009
2956758570,10267552@n00,8.0,71.526489,36.836071,05-2005
3683214249,84609891@n00,11.0,77.530689,34.172328,06-2009
516529190,68222897@n00,16.0,77.437911,33.882069,09-2004
8481132108,22991176@n02,8.0,73.699035,24.61456,02-2013
112353718,48889048097@n01,12.0,77.256374,12.9435,03-2006
4131026657,43423301@n07,16.0,82.98458,25.326967,11-2009
3998273790,15315685@n00,12.0,75.680694,15.921384,09-2009
5327012693,50040871@n06,11.0,77.168655,32.225145,12-2010
3111801359,10322763@n08,12.0,70.904903,34.985143,04-2006
1711876238,93904837@n00,10.0,78.804931,10.762147,12-2006
471483217,89451934@n00,12.0,83.01527,25.313304,04-2007
7424214892,38055578@n08,2.0,90.442268,27.515499,03-2012
492642753,40040700428@n01,12.0,69.167432,34.52261,04-2007
5745505783,8390210@n07,11.0,85.322914,27.680791,09-2009
12109017324,58535265@n02,11.0,77.620979,12.9558,03-2013
4044370750,68222897@n00,16.0,77.632319,32.3953,09-2009
1598380784,39188487@n00,12.0,74.839038,12.881592,10-2007
6477794521,71102643@n00,14.0,77.682824,12.912883,12-2011
5348034727,12050220@n05,16.0,85.444722,25.004722,12-2010
8521681358,31341155@n07,11.0,73.831878,15.486909,03-2013
6789846783,85855348@n00,16.0,89.453394,27.415863,12-2011
2747468134,11043119@n00,12.0,77.534122,34.171831,07-2008
6273987803,24203582@n04,6.0,86.028442,28.381735,10-2011
7787568448,36484111@n00,16.0,80.280322,13.055205,08-2012
5081452591,15694753@n00,12.0,76.294727,9.822149,10-2010
11112124525,36859875@n00,12.0,77.620124,9.645092,11-2013
13166621573,40323713@n00,16.0,73.898161,15.326405,03-2014
7262138128,60297230@n03,11.0,79.92765,24.850349,02-2012
8481869017,22991176@n02,8.0,73.699035,24.61456,02-2013
8508277372,22991176@n02,8.0,77.997436,27.252187,02-2013
4153694636,14948094@n00,13.0,86.128778,19.933453,09-2009
8521866643,72746018@n00,16.0,78.042105,27.173052,01-2013
6805738076,11170366@n05,13.0,76.948671,8.509638,05-2008
2532212735,24661421@n02,16.0,85.324856,27.672896,11-2007
4280511887,17155762@n00,14.0,77.190756,28.524831,06-2007
11756669693,92455828@n00,16.0,73.405327,26.974819,01-2014
9139878373,97809582@n04,13.0,90.410339,23.779831,05-2013
2131289007,71401718@n00,16.0,85.363984,27.722217,11-2007
2093880502,21255424@n07,11.0,73.693885,24.579753,11-2007
382772049,37403827@n00,12.0,73.688478,24.581314,02-2007
5392489292,12373974@n07,16.0,78.042079,27.173138,12-2010
2532957578,24661421@n02,16.0,85.286897,27.714714,11-2007
8687419079,99366248@n00,16.0,72.823326,33.756868,04-2013
7401218572,61664791@n05,9.0,75.809783,26.90615,02-2012
2243418653,28238346@n00,11.0,77.582015,12.974951,02-2008
6246232814,68667966@n07,14.0,77.43709,23.215357,10-2011
4386149120,31025097@n07,16.0,83.147926,27.354307,01-2010
2093316725,21255424@n07,9.0,82.554016,25.159579,11-2007
3410622229,11124467@n02,16.0,78.409163,33.255183,05-2008
345548997,68222897@n00,16.0,72.829722,18.974986,01-2007
6392522837,27326713@n02,16.0,77.250183,28.593527,06-2011
135967418,80951737@n00,12.0,73.031101,26.303572,02-2006
3929890471,11339074@n00,12.0,90.401859,23.706309,08-2009
8478284057,22991176@n02,7.0,73.580932,25.274503,02-2013
4343097092,44124286026@n01,16.0,72.839999,19.01,01-2010
565144762,89044848@n00,16.0,75.822497,26.926757,01-2007
6759570537,98816109@n00,12.0,72.802534,18.956785,12-2011
8318032803,31518092@n04,13.0,88.297891,22.557903,12-2012
2251990135,10383800@n08,12.0,83.017673,25.321218,12-2007
7422574852,21308640@n00,11.0,72.875877,19.07619,06-2012
2896546909,72155957@n00,15.0,77.179491,28.530208,09-2008
246825695,91197080@n00,6.0,73.00415,33.632915,09-2006
3332513243,32928755@n00,16.0,78.0423,27.172922,03-2009
6893806695,80209127@n00,16.0,77.227202,10.130072,02-2012
5427271105,66729335@n00,16.0,72.831754,18.925286,02-2011
4454841930,42833030@n04,6.0,84.979248,27.955591,09-1987
2519953583,97725124@n00,12.0,75.776309,26.90018,05-2008
5353878064,90338469@n00,14.0,83.012051,25.308377,12-2010
8200095350,17616316@n00,16.0,79.83593,11.930508,12-2011
5880190196,40584328@n00,16.0,77.583764,12.966608,06-2011
10075832226,67977633@n08,16.0,77.36553,28.674011,09-2013
2076021675,72295842@n00,12.0,76.45832,15.321687,10-2007
1671544260,9643247@n08,6.0,92.449951,26.460738,09-2007
5790526345,8382111@n02,11.0,85.317497,27.701999,04-2011
4024605211,14269353@n00,10.0,77.695282,27.577061,10-2009
8666976664,31766086@n00,16.0,78.401913,17.383255,04-2013
3400954273,11124467@n02,16.0,75.614733,32.273722,05-2008
2234826310,37525222@n00,14.0,78.042111,27.171887,01-2008
11081128615,8293801@n07,16.0,82.986248,25.326891,12-2012
612698262,89044848@n00,12.0,79.92897,24.852562,07-2004
2606587141,22490717@n02,11.0,91.098632,29.652255,11-2006
1446487981,88188214@n00,12.0,77.584762,12.946093,02-2007
3579529588,33747249@n06,9.0,72.370697,34.0985,05-2009
5951007582,54818273@n00,13.0,75.795364,26.899989,07-2011
8230224542,30222664@n00,16.0,77.604535,12.980377,11-2012
5484682163,9643110@n08,12.0,76.709289,10.005452,11-2010
5877455716,40584328@n00,12.0,78.12601,11.682412,06-2011
3095360173,29795849@n00,14.0,70.913872,26.91323,09-2008
6852559099,22213338@n06,2.0,80.78971,7.87395,02-2012
2333480334,44124298927@n01,14.0,80.246071,13.067334,03-2008
12197926344,57773506@n04,16.0,85.361945,27.721267,01-2014
378977439,45275862@n00,16.0,88.404386,22.51268,01-2007
5544146747,76225887@n00,16.0,77.227229,28.631254,03-2011
3943706770,41287398@n02,7.0,77.585449,13.004557,09-2009
465764973,24648752@n00,16.0,72.83163,18.927899,04-2007
438646092,24112723@n00,16.0,76.493199,9.626788,03-2007
4295051886,21508313@n06,11.0,85.317497,27.701999,12-2009
2093943828,21255424@n07,10.0,75.811157,26.919314,11-2007
6537982207,59275783@n04,11.0,75.835189,26.91809,11-2011
4514681025,11841413@n08,14.0,75.786094,26.912905,03-2010
307583323,11848452@n00,8.0,83.899841,28.553163,11-2006
8026023296,50979393@n00,16.0,89.358455,27.488394,09-2012
6013768667,53240306@n07,16.0,69.1755,34.53533,02-2011
5876452671,40584328@n00,12.0,75.910205,12.384269,06-2011
6950272751,69448853@n00,10.0,91.869735,24.903876,05-2008
6125029112,11734179@n04,5.0,77.036132,28.777289,08-2011
2498588807,21375717@n00,12.0,75.593748,31.29124,05-2008
5715976814,25869855@n04,16.0,78.0219,27.178761,04-2011
6270144390,25095063@n04,16.0,73.911716,15.501955,09-2011
7124193919,9288799@n02,16.0,79.922166,24.852333,12-2011
146093544,54304913@n00,13.0,77.584848,12.949188,05-2006
6828523433,7729354@n08,13.0,77.383747,28.623404,01-2012
3394918863,11124467@n02,16.0,88.278622,27.347502,06-2008
5351647938,48587703@n00,14.0,72.927289,22.554296,01-2011
2891847518,72787861@n00,10.0,69.163055,34.530318,09-2008
1150324026,96901169@n00,12.0,77.800197,11.777292,08-2007
5517066733,37850683@n04,12.0,78.153133,29.932771,03-2011
220015660,14417999@n00,7.0,89.640197,27.293689,06-2003
2215173876,22490717@n02,10.0,83.019561,25.326649,10-2007
5111586393,32427726@n00,5.0,85.056152,27.868216,05-2009
474636035,17754816@n00,11.0,88.348617,22.556001,04-2007
622360701,89044848@n00,16.0,77.18551,28.524312,07-2004
3405611393,11124467@n02,16.0,76.766161,34.284352,05-2008
5107612221,16056465@n00,16.0,76.965163,10.373322,07-2009
3790176310,8975852@n06,16.0,78.042079,27.174922,07-2009
2218768395,25897810@n00,12.0,78.008594,27.191433,01-2008
5741791497,37850683@n04,16.0,77.19405,28.558327,05-2011
5923131015,89723132@n00,16.0,76.654358,12.30713,06-2011
1517693128,48889048097@n01,16.0,80.270286,13.020901,01-1980
5921238606,44682037@n05,14.0,77.62197,12.987738,07-2011
8493471350,22991176@n02,9.0,74.577941,26.547994,02-2013
39920642,65346936@n00,8.0,73.015136,26.298339,07-2005
8556315305,22991176@n02,10.0,85.319137,27.682311,03-2013
5419828617,25762759@n05,16.0,82.983333,25.316666,02-2011
293229671,92306238@n00,14.0,77.586865,12.950443,11-2006
3606832973,22828985@n08,7.0,79.694824,12.860004,03-2009
5861713019,45372714@n07,12.0,79.315795,9.289514,12-2008
3394558559,11124467@n02,16.0,88.320511,27.12505,06-2008
3386611959,11124467@n02,16.0,75.322083,31.956525,05-2008
2109253411,65918756@n00,10.0,83.003768,25.236,03-2005
660920099,9048212@n08,12.0,91.099147,29.651062,05-2007
6563906477,92352922@n00,16.0,78.042111,27.173281,12-2011
8542414520,8796403@n06,14.0,75.636577,25.445996,02-2013
8550607622,22991176@n02,10.0,85.423507,27.690216,03-2013
550348378,89044848@n00,12.0,79.92897,24.852562,12-2006
4833713678,58875741@n00,16.0,77.527772,8.248697,07-2010
5771144191,90394928@n00,12.0,72.961063,18.32601,05-2011
4507654406,60955494@n00,11.0,82.994842,25.33813,12-2009
2158063772,8616953@n04,12.0,73.838939,18.5282,12-2008
4394570853,7729354@n08,12.0,77.38306,28.621822,02-2010
6780534161,59318060@n04,11.0,74.422931,34.059424,01-2012
4335000506,99366248@n00,11.0,73.389015,33.911739,02-2010
5283022645,47244420@n04,12.0,81.775274,17.005492,12-2010
5366092071,48587703@n00,11.0,73.688049,21.857037,01-2011
2157916568,8616953@n04,12.0,78.009796,27.17601,12-2008
480998741,24711978@n00,12.0,78.07537,30.453927,04-2007
5477269963,29529709@n05,16.0,73.087856,33.702626,04-2010
4466745469,9532859@n02,13.0,75.854587,26.990924,03-2010
2215626068,22490717@n02,8.0,75.797424,26.922069,10-2007
9421804316,77173826@n08,14.0,69.159064,34.528197,05-2013
1389850843,96436565@n00,12.0,91.116743,29.658297,09-2007
6313213729,51668926@n00,13.0,77.230796,28.640731,04-2000
2265132222,10383800@n08,14.0,78.042068,27.175094,12-2007
9241420104,8250978@n04,16.0,74.549858,26.48893,02-2013
8237859665,30703260@n08,13.0,74.039096,14.987239,12-2012
4342695091,60955494@n00,11.0,82.994842,25.33813,12-2009
6742253709,51956624@n07,12.0,77.209339,28.57412,01-2012
6269489667,25095063@n04,16.0,73.773677,15.491972,09-2011
197133500,37706524@n00,12.0,78.930416,30.980479,06-2006
3788243536,22098403@n00,12.0,76.650581,12.310234,07-2009
2439390086,25036906@n02,13.0,76.426477,9.540404,04-2008
4489274298,40129030@n00,16.0,77.591596,12.979154,01-2009
617613610,89044848@n00,15.0,78.042969,27.174846,07-2004
261411746,58812071@n00,12.0,77.145309,9.526691,12-2005
13565533795,46273880@n00,16.0,72.893936,18.611211,03-2014
5961531818,37850683@n04,12.0,79.602298,29.784939,07-2011
7789405686,48279789@n00,16.0,77.747282,12.959712,08-2012
2048989475,71401718@n00,16.0,85.361924,27.721467,11-2007
5037978159,24574470@n00,13.0,73.939447,18.499633,09-2010
12922175453,29780116@n03,16.0,77.205982,28.607156,02-2014
9197812376,8250978@n04,16.0,78.043061,27.169088,01-2013
224456118,89324753@n00,8.0,77.582702,12.996529,08-2006
9204929380,8250978@n04,16.0,75.813827,26.925558,01-2013
4570966465,25588248@n00,16.0,73.018356,26.298027,04-2010
6420591683,64449147@n00,10.0,88.341064,22.532219,11-2010
8491979500,26621269@n00,16.0,85.095855,27.744858,10-2012
3222290430,26124666@n00,13.0,73.825893,15.495122,01-2009
14003507854,8796403@n06,16.0,75.326211,11.902544,03-2014
14018349542,72746018@n00,16.0,79.694974,11.399726,03-2014
5454508222,71493854@n00,14.0,90.399906,23.712085,02-2011
2186347549,60655620@n00,11.0,76.223487,11.934539,01-2008
2079053066,25764928@n00,12.0,76.60921,10.56165,05-2007
1631586464,68192311@n00,12.0,74.879894,31.631606,11-2006
2093912938,21255424@n07,12.0,89.615478,28.896235,10-2007
6372700191,69986813@n06,6.0,73.66333,24.811667,02-2003
876369206,24648752@n00,12.0,73.276576,19.02861,01-2006
9553965937,27526538@n07,16.0,77.602666,13.051833,08-2013
261433716,49175464@n00,7.0,72.608642,23.314513,07-2006
5880130952,40584328@n00,14.0,77.622656,12.986723,06-2011
553121234,89044848@n00,12.0,79.92897,24.852562,12-2006
7015125907,8492837@n02,16.0,69.260651,34.936989,12-2010
4399917736,33565899@n00,9.0,72.57843,23.03677,01-2010
481698610,23827537@n00,15.0,77.318644,28.580018,05-2007
8354577792,7252160@n04,11.0,74.600601,14.613817,12-2012
8617413338,66037669@n00,16.0,76.366652,9.49715,03-2013
8664054617,97235261@n00,13.0,76.988319,28.4605,04-2013
374514005,12498350@n00,7.0,86.662902,27.518015,01-2007
8165973271,15237218@n00,16.0,77.03,28.47,11-2012
4505523300,39378532@n06,12.0,78.029537,30.332879,09-2009
5814871282,58255533@n03,16.0,78.483333,9.866666,06-2011
201826821,29465723@n00,12.0,73.684272,24.575772,07-2006
3154622154,11904526@n00,16.0,76.242038,9.968285,12-2008
9610165300,97490011@n06,11.0,83.015413,25.318011,08-2013
516407120,68222897@n00,16.0,77.199361,34.037072,09-2004
157120394,22056394@n00,10.0,77.173461,32.271458,05-2006
6093249200,56766281@n00,12.0,79.337339,13.690049,08-2011
8559143733,11980515@n03,15.0,81.88683,25.436282,02-2013
4762287490,72671243@n00,10.0,90.588455,29.252256,07-2010
12196484215,101709991@n06,16.0,79.026952,12.209458,12-2013
4655311570,34956641@n03,12.0,69.189233,34.522893,05-2010
6254609845,58255533@n03,16.0,75.383333,25.75,10-2011
9418993893,37313707@n00,16.0,84.884575,22.260722,08-2013
5447641216,37850683@n04,16.0,77.191679,28.523389,02-2011
8134293037,44345361@n06,11.0,76.472381,15.32345,10-2012
5137683749,12123300@n04,12.0,88.176527,26.89375,12-2008
6175721684,53628484@n00,16.0,77.621833,12.9735,09-2011
6002398349,81498457@n00,16.0,85.349207,27.708331,10-2010
2515333147,46052482@n00,9.0,86.797485,27.877928,04-2007
5128150053,50725098@n08,9.0,76.356277,10.120719,09-2010
8174403856,80373436@n00,16.0,75.850563,26.986738,10-2012
8347076169,45467970@n00,16.0,73.683612,24.576786,01-2013
12938809634,44124380238@n01,16.0,72.8245,19.042316,03-2014
447240592,91314344@n00,16.0,72.798864,18.958347,03-2007
4723034265,10369773@n03,11.0,79.535888,29.235599,06-2010
179064520,61346819@n00,8.0,76.953735,11.007252,07-2006
8355360833,28051303@n05,12.0,76.454029,26.023159,12-2012
2155234446,39136124@n00,12.0,77.487258,27.216777,11-2007
6700792347,74821492@n00,16.0,78.474097,17.362476,01-2012
2371802205,49139675@n00,12.0,91.86922,24.905355,03-2008
2779733049,44124455505@n01,12.0,77.165565,32.235963,07-2008
5621951913,36813143@n08,12.0,77.156467,32.215996,11-2005
5735573573,25869855@n04,16.0,77.243305,28.656169,04-2011
272219829,11848452@n00,12.0,72.818241,18.960925,10-2006
5923133535,89723132@n00,16.0,76.654358,12.30713,06-2011
4510563502,60955494@n00,11.0,82.994842,25.33813,01-2010
2124608316,90417577@n00,9.0,74.8526,34.10953,08-2007
2217770613,16874065@n00,9.0,77.662353,27.106811,01-2008
4691805577,57419996@n00,15.0,72.722539,24.60939,05-2010
6298307637,10747684@n00,16.0,75.824166,26.925,10-2011
366127415,95674706@n00,16.0,79.615302,17.956015,10-2006
8667075140,31766086@n00,16.0,78.401913,17.383255,04-2013
9587483763,60655620@n00,11.0,75.061683,14.219459,08-2013
497675144,56796376@n00,16.0,86.773954,27.941491,04-2007
3082340330,90417577@n00,9.0,80.185089,12.622247,03-2008
8609674800,57204181@n08,16.0,77.129666,31.122833,03-2013
4737080682,25762759@n05,16.0,90.739345,14.554591,06-2010
11059425525,97725124@n00,16.0,74.876002,31.621222,11-2013
5257686522,34663048@n00,12.0,73.918762,15.257937,12-2010
8367809569,49253583@n02,16.0,76.371459,26.199805,12-2012
6491295519,95726175@n00,16.0,72.8495,19.218667,12-2011
517713924,91314344@n00,16.0,73.477335,18.721048,05-2007
11059603956,97725124@n00,16.0,74.876944,31.619444,11-2013
3388230021,7513474@n08,11.0,72.374768,23.13148,03-2009
203622984,13143455@n00,5.0,77.167968,28.642389,07-2006
3173273330,27207517@n08,13.0,76.461067,15.335511,01-2009
4589607039,46274484@n07,7.0,77.074584,28.666491,04-2010
2308097621,42389268@n00,12.0,73.802204,15.577486,12-2006
7539040084,8796403@n06,16.0,74.554499,26.4885,05-1995
4486156401,34956641@n03,11.0,69.262447,34.506839,04-2010
2352779281,10606497@n06,6.0,76.871337,31.793555,11-2006
5984314456,34663048@n00,11.0,77.207107,28.507315,07-2011
4651430671,34956641@n03,11.0,69.185886,34.466513,05-2010
5243369517,81223571@n00,13.0,85.313901,27.710886,10-2010
583970368,48889048097@n01,15.0,77.671988,12.967946,07-2005
227670669,45275862@n00,12.0,77.249422,28.599594,07-2003
8480026963,22991176@n02,8.0,73.699035,24.61456,02-2013
197553793,48261733@n00,12.0,77.219467,28.633048,07-2006
6874916691,63709829@n00,16.0,85.306116,27.703963,12-2011
12310390745,101709991@n06,16.0,77.517719,27.190044,12-2013
7526896364,28650594@n03,2.0,67.678939,33.93045,06-2012
2941826231,60444977@n00,16.0,77.212783,28.628433,09-2008
4527369672,9381661@n06,10.0,90.582618,29.252256,08-2009
4002420080,17118606@n00,16.0,77.243242,28.609729,10-2009
3640754310,84609891@n00,14.0,77.287852,30.137723,06-2009
368409980,25028352@n00,12.0,73.752937,15.522663,01-2007
4527292312,40129030@n00,15.0,77.648642,12.960366,04-2010
3247203302,17118606@n00,15.0,76.447291,15.33429,01-2009
13302539174,8180997@n07,16.0,76.976572,8.388285,03-2014
6462529859,58608377@n00,12.0,77.238435,28.660918,11-2011
6325466258,28552823@n02,8.0,77.184448,28.641183,10-2011
12241362366,10297667@n06,16.0,78.031027,27.192816,10-2009
1782444549,21375717@n00,12.0,75.578899,31.331132,10-2007
4659032695,34956641@n03,7.0,69.2276,34.535975,06-2010
6729861777,44345361@n06,11.0,78.029983,10.053549,01-2012
6298062215,67811528@n06,15.0,77.535066,13.035289,10-2011
3536133746,95726175@n00,9.0,88.349304,22.562025,05-2009
2263854143,75383240@n00,12.0,78.721847,10.804979,02-2008
5310661927,31106556@n00,14.0,77.668168,27.09729,12-2010
244005450,48889048097@n01,12.0,78.161201,11.657027,09-2006
275266776,48013827@n00,12.0,75.813217,26.929645,09-2006
2906169705,22391360@n00,8.0,77.593688,12.995191,10-2008
7530690158,8796403@n06,16.0,78.174515,29.964184,11-2008
465378969,7763540@n05,12.0,85.315017,27.705947,03-2005
4332113828,25095063@n04,16.0,77.209444,28.536944,02-2010
5107059697,25095063@n04,16.0,72.831388,18.921958,10-2010
4077772905,43918153@n07,13.0,79.848289,12.563402,11-2008
4046363718,68222897@n00,16.0,77.199297,32.083077,10-2009
5360033778,48587703@n00,10.0,73.189544,22.597529,01-2011
7790808362,40994485@n04,2.0,67.678939,33.93045,08-2012
2600838768,62633444@n00,5.0,77.893066,13.841991,12-2007
7015104875,8492837@n02,16.0,69.260651,34.936989,08-2010
4329411525,25824202@n02,13.0,73.734827,15.599973,12-2009
10270917983,105056178@n03,3.0,83.05664,28.921631,06-2011
3432672551,36986477@n05,16.0,72.809674,18.960844,06-2007
8141899893,46273880@n00,16.0,88.52955,22.605136,11-2006
12208808253,10297667@n06,16.0,79.921622,24.852152,10-2009
4514220566,60955494@n00,11.0,82.994842,25.33813,01-2010
3637865667,22828985@n08,9.0,78.652496,10.875116,03-2009
11746608766,113353244@n05,13.0,76.652555,12.308557,12-2013
450505863,67793730@n00,10.0,88.491439,27.32511,05-2006
5896661775,63763292@n03,13.0,77.09866,28.556933,07-2010
5846150562,49406107@n04,16.0,81.026916,23.698607,05-2011
8345987186,49694447@n00,11.0,78.205711,11.77322,12-2012
10145443324,8250978@n04,16.0,68.776763,23.825144,03-2013
2150595969,11631880@n00,16.0,77.57369,13.036397,12-2007
11661384365,71594384@n00,16.0,85.314086,27.715958,11-2013
7808918670,86054849@n00,16.0,80.270417,12.995105,08-2012
6101200347,27326713@n02,16.0,78.041778,27.175123,06-2011
407693834,17144160@n00,14.0,72.811868,18.954999,01-2007
2068682733,46653666@n00,12.0,76.246833,10.038837,12-2006
3394878112,26557761@n00,16.0,77.735352,28.979875,03-2009
279636429,76281529@n00,7.0,77.124023,28.594168,10-2006
516629241,67793730@n00,12.0,81.898269,25.414361,05-2007
2978756314,56118505@n00,16.0,74.8467,34.1027,10-2008
3545541810,53555696@n00,12.0,73.018054,26.297493,01-1980
3127665722,27207517@n08,12.0,73.680839,24.57866,12-2008
7061075265,7183730@n06,16.0,85.306,27.703833,04-2012
5715437791,25869855@n04,16.0,78.0219,27.178761,04-2011
5460887920,64565252@n00,12.0,80.718526,7.934285,02-2011
6481716493,59049593@n03,10.0,79.886398,8.947479,12-2011
10358343216,8540256@n08,13.0,83.010206,25.308338,12-2012
7159315217,45192101@n04,8.0,85.317497,27.701999,06-2012
8570065917,55227776@n04,14.0,85.08306,25.992265,06-2012
3735679003,21589235@n06,13.0,85.346229,27.71245,02-2008
8137195978,34804966@n03,14.0,90.407309,23.706898,10-2012
5219814107,22592913@n08,14.0,76.266875,9.983664,11-2010
6283489420,95787610@n00,11.0,85.314331,27.706023,10-2011
12081468035,113353244@n05,13.0,76.652555,12.308557,12-2013
7757118852,16069488@n00,16.0,77.634758,13.174182,07-2012
596027978,89044848@n00,12.0,75.990886,13.212874,07-2004
1520801660,21375717@n00,12.0,75.593748,31.29124,10-2007
8520017975,12078789@n00,16.0,77.236538,28.656051,03-2013
9142140845,98128595@n08,10.0,88.469009,27.595731,06-2011
2233890895,37525222@n00,9.0,76.364593,9.529654,01-2008
2588080868,31477369@n00,15.0,72.820515,18.927133,06-2008
2473518221,17891682@n02,12.0,88.347072,22.644432,05-2008
6600853541,67901339@n02,11.0,79.704265,12.839418,12-2011
553884671,89044848@n00,12.0,79.92897,24.852562,12-2006
3280851999,15470975@n03,5.0,91.977539,33.568861,09-2008
4253603332,45341536@n05,8.0,76.552734,11.296934,12-2009
12435898784,92434067@n00,16.0,84.494904,27.577098,02-2014
6253900958,84292292@n00,16.0,76.353085,32.267786,10-2011
289418667,95674706@n00,16.0,80.251328,13.052242,10-2006
8556096189,36859875@n00,16.0,78.042,27.174333,03-2013
6051920296,37850683@n04,13.0,73.333139,28.026303,08-2011
595473678,89044848@n00,12.0,75.990886,13.212874,07-2004
3465081498,24776728@n08,11.0,73.900909,18.547975,05-2007
3603937221,73751604@n00,16.0,80.247841,13.045903,05-2009
1443461762,21375717@n00,12.0,75.587654,31.325413,05-2007
8470166292,98516017@n00,16.0,83.387147,17.780386,12-2012
13131632,17893695@n00,12.0,80.195388,12.620321,05-2005
8453865046,33545812@n00,16.0,75.851219,26.984238,01-2013
1264805898,12210096@n03,4.0,67.763671,33.706062,02-2004
3965007203,55166810@n00,16.0,80.266467,13.000026,09-2009
5541967197,14092742@n00,16.0,78.364512,17.503242,03-2011
5986544265,45192101@n04,11.0,73.075912,33.709838,07-2011
8519422658,22991176@n02,7.0,82.946777,25.458154,02-2013
3607440616,22828985@n08,6.0,80.200195,13.11693,03-2009
9763185254,39267804@n05,16.0,91.5085,29.323333,01-2011
4510157698,60955494@n00,11.0,82.994842,25.33813,01-2010
1523984742,93904837@n00,11.0,76.981887,9.830015,05-2006
5403719971,17095965@n05,11.0,77.994453,27.183799,01-2011
3356748998,56495646@n00,11.0,88.369216,22.5365,03-2009
88937416,57155801@n00,16.0,77.611198,12.973524,01-2006
12456819934,59407447@n06,16.0,77.638009,12.963691,02-2014
611539650,89044848@n00,15.0,78.647539,25.350483,07-2004
5622551170,36813143@n08,12.0,77.156467,32.215996,11-2005
661080317,9048212@n08,12.0,91.099147,29.651062,05-2007
3310518873,28296578@n00,13.0,72.834214,18.922631,02-2009
4603685200,56766281@n00,12.0,77.332162,32.033861,05-2010
3458035819,24776728@n08,11.0,79.616546,30.638798,08-2008
781708447,28747587@n00,12.0,76.427421,9.558686,02-2006
382851139,37403827@n00,10.0,70.142555,27.518928,01-2007
9112150831,97759469@n05,8.0,72.833862,19.056925,06-2013
8371006936,49253583@n02,16.0,70.921125,26.909021,12-2012
9336430827,73904611@n03,10.0,77.576522,12.980471,07-2013
4300566436,25824202@n02,7.0,74.146728,14.822681,11-2009
6282814031,95787610@n00,10.0,82.987976,28.039864,10-2011
4138225343,55104877@n00,12.0,78.024215,26.450902,08-2009
3702196501,72155957@n00,16.0,77.187763,28.518621,06-2009
2266660971,48522238@n00,13.0,80.04261,29.725476,01-2008
503490295,91314344@n00,16.0,74.856082,12.885828,05-2007
5427232509,45692156@n05,14.0,91.738672,26.18677,02-2011
135464112,72012121@n00,12.0,73.919105,15.248166,04-2006
183993081,21375717@n00,12.0,75.589885,31.295274,07-2006
10089891275,8250978@n04,16.0,69.670572,23.249516,03-2013
6933569627,49235175@n02,16.0,75.851384,26.984447,12-2010
5721999133,92496717@n00,16.0,75.824584,26.942922,04-2011
7126417443,9288799@n02,16.0,79.921666,24.852,12-2011
4274281984,21375717@n00,16.0,75.590555,31.296111,01-2010
3121962715,29795849@n00,12.0,71.91616,27.005837,09-2008
12568155294,37313707@n00,16.0,84.870372,22.244841,02-2014
8337691120,85266958@n07,11.0,72.875877,19.07619,01-2013
455269734,98541816@n00,12.0,77.219123,28.597484,04-2007
10136199785,57673737@n00,16.0,86.571886,25.508605,09-2013
8877136790,85438082@n07,8.0,74.583435,31.618304,07-2008
2563915097,60655620@n00,15.0,76.473641,15.31403,06-2008
9153061912,84013956@n00,16.0,88.342613,22.545452,06-2013
4579628843,55931052@n00,12.0,90.027465,22.593488,03-2010
11060796623,77179348@n00,16.0,77.613333,12.96663,11-2013
6621348965,74821492@n00,16.0,78.164246,29.94569,01-2012
374805923,24086895@n00,16.0,80.035927,24.921272,09-2006
6992737446,52975560@n08,12.0,77.501163,27.261649,04-2012
226323106,63869057@n00,11.0,77.556266,12.971103,08-2006
1754042785,36804154@n00,12.0,78.484783,17.408222,10-2007
4748697171,21815205@n00,15.0,78.325159,17.45453,02-2010
8469734389,8796403@n06,12.0,81.899471,25.44579,02-2013
4213013804,32012820@n06,13.0,73.124313,19.23158,11-2009
4715659613,14584356@n08,12.0,86.088781,28.365599,06-2010
9549319140,27526538@n07,16.0,77.602666,13.051833,08-2013
382852425,37403827@n00,10.0,70.142555,27.518928,01-2007
5066728579,49684089@n02,12.0,86.78461,27.854525,10-2010
8121530149,33584755@n00,15.0,85.341174,27.774354,10-2012
5352325548,34663048@n00,11.0,77.211914,28.583014,01-2011
4652083660,34956641@n03,11.0,69.185886,34.466513,05-2010
3358074376,21761122@n06,10.0,76.657791,12.292036,02-2009
3269246918,14669743@n00,15.0,77.198095,28.616868,02-2009
1583424445,41819939@n00,12.0,79.924335,24.854509,01-2003
2345550892,19769914@n00,13.0,74.297618,31.568736,03-2008
5715408285,25869855@n04,16.0,78.0219,27.178761,04-2011
2371054669,43546466@n00,16.0,83.006258,25.294269,03-2008
829274771,96367952@n00,16.0,88.870777,29.268527,06-2007
5485499354,50231560@n00,12.0,73.949317,15.152997,12-2010
5448973504,24876420@n07,15.0,77.232749,28.656323,02-2011
370811647,61009686@n00,12.0,81.274795,31.042639,05-2005
3225181408,70016893@n00,16.0,72.834499,19.1894,01-2009
35415121,21424326@n00,12.0,73.019514,26.290567,06-2005
197546949,48261733@n00,12.0,76.329917,9.500958,07-2006
4035381484,60955494@n00,12.0,78.303165,30.118774,10-2009
6325485702,28552823@n02,8.0,77.184448,28.641183,10-2011
3285937907,21375717@n00,16.0,75.584116,31.343172,02-2009
1772521407,51162085@n00,13.0,92.296357,20.874932,10-2007
5382444518,48587703@n00,12.0,73.838081,23.289603,01-2011
13439794144,30979614@n07,16.0,73.788933,18.531219,03-2014
4334893476,99366248@n00,12.0,73.337688,33.883812,02-2010
3003259747,29795849@n00,15.0,73.014321,26.287566,09-2008
4077680217,76738132@n00,16.0,83.776144,28.390316,11-2009
2533459339,24661421@n02,16.0,85.327581,27.669209,11-2007
2933779854,72913900@n00,14.0,76.696629,12.419917,10-2008
5575188002,56017663@n03,13.0,79.133663,10.772012,03-2011
3766594856,8097809@n02,12.0,77.565708,12.801841,06-2009
4445932996,13320526@n05,15.0,72.903921,19.135488,03-2010
2998562739,48889048097@n01,16.0,77.672266,12.967496,10-2008
70548020,12736226@n00,12.0,75.098075,12.268386,11-2005
2623252661,10588069@n00,16.0,77.605748,12.985259,02-2008
4239081205,40139899@n06,12.0,92.231168,21.078653,01-2008
3766457958,8097809@n02,12.0,77.565708,12.801841,06-2009
5094990831,25095063@n04,16.0,72.910255,19.116644,10-2010
6835454593,8638355@n06,15.0,88.376941,22.644848,02-2012
6099958517,40994485@n04,11.0,69.136749,34.53091,08-2011
6713637165,84292292@n00,16.0,79.799929,12.006912,11-2011
4042555802,8767123@n06,16.0,77.22496,28.63531,10-2009
3203991514,21623815@n03,16.0,86.482521,25.572731,06-2008
10683585166,8250978@n04,16.0,76.83548,34.298775,05-2013
8332611833,45980928@n07,16.0,80.759667,7.9575,12-2012
10358333636,8540256@n08,13.0,83.010206,25.308338,12-2012
4513867768,89743353@n00,10.0,77.546997,12.831887,04-2010
8083778983,46107759@n03,15.0,88.130028,22.668927,08-2012
4078063584,28650594@n03,11.0,70.85897,34.63417,11-2009
351713657,52082843@n00,11.0,78.840293,9.365062,02-1997
49329753,75101938@n00,7.0,82.982482,25.339061,10-2005
3394688637,11124467@n02,16.0,88.184922,27.304494,06-2008
5517039003,37850683@n04,12.0,78.153133,29.932771,03-2011
13111082074,8971853@n08,15.0,70.91458,26.912407,03-2014
7381399728,53628484@n00,16.0,77.191,12.6495,06-2012
2525331690,46052482@n00,12.0,91.116828,29.657476,06-2007
5923741958,89723132@n00,16.0,76.881827,12.275747,06-2011
2154437591,39136124@n00,12.0,77.487258,27.216777,11-2007
227673763,45275862@n00,11.0,77.233371,28.653838,07-2003
8419839494,23775251@n06,15.0,78.4238,17.42886,12-2012
345525797,68222897@n00,16.0,77.06095,10.084611,01-2007
5361242174,90338469@n00,13.0,78.647603,25.350929,01-2011
7865384022,74821492@n00,16.0,80.24958,13.060422,08-2012
4143985828,72155957@n00,15.0,77.226033,28.654332,07-2009
4931814111,10392797@n03,10.0,90.586395,29.195028,08-2010
8085792182,39489503@n00,16.0,85.662327,27.743808,10-2012
4265260127,69554611@n00,11.0,76.827392,9.575529,12-2009
170516537,44124289589@n01,7.0,90.411987,23.742611,06-2006
4128754683,36443687@n00,16.0,85.290399,27.714791,10-2009
5288069841,49809164@n05,16.0,78.041735,27.174059,11-2010
6853120385,76413978@n08,8.0,80.870361,29.064572,02-2011
3701104159,72155957@n00,16.0,77.184748,28.514916,06-2009
3037402906,15237218@n00,16.0,77.170854,28.595054,11-2008
367232407,37403827@n00,12.0,77.214145,28.669277,01-2007
842375145,28747587@n00,12.0,76.444931,15.261994,05-2007
8629253373,12810816@n08,16.0,85.359,27.720499,02-2013
3184939574,11904526@n00,16.0,76.259847,9.956703,12-2008
2440950482,63709829@n00,16.0,80.189527,12.608833,10-2007
5477592088,55227776@n04,16.0,75.492,30.9766,02-2011
8472283587,22991176@n02,6.0,72.8833,26.470573,02-2013
5660823278,37850683@n04,16.0,78.202142,26.203136,04-2011
4509876757,41176276@n00,15.0,75.80767,26.901673,04-2010
3275351855,80201798@n00,13.0,83.007717,25.309929,01-2008
8456408705,22991176@n02,5.0,76.970214,29.13297,02-2013
3061741766,32466773@n03,15.0,73.862435,15.370149,12-2007
2282174170,51268340@n00,12.0,90.386924,23.70065,02-2008
187386490,30835617@n00,16.0,83.323059,17.717947,07-2006
5183925976,24499854@n08,16.0,75.832561,22.677723,10-2010
9219590318,17046628@n08,16.0,72.816666,19.0125,05-2013
2938077850,48889048097@n01,13.0,78.671207,10.777367,10-2008
6317570414,12373974@n07,16.0,84.97619,24.693805,12-2010
2630094743,15271731@n00,12.0,76.906013,9.692136,06-2008
8591459519,37313707@n00,16.0,84.855897,22.254877,03-2013
6925237125,32662631@n00,16.0,77.811333,14.166333,02-2012
801521982,28747587@n00,12.0,73.672599,17.917901,09-2006
566384523,86818962@n00,12.0,88.481912,27.075558,06-2007
3964421799,94513668@n00,16.0,80.27328,13.036376,09-2009
5579893335,50231560@n00,11.0,73.660926,17.932355,01-2011
4221397419,14948094@n00,13.0,86.128778,19.933453,09-2009
5640061934,37850683@n04,15.0,77.238972,28.60875,04-2011
4092680316,76738132@n00,16.0,85.353094,27.71135,11-2009
6753569585,30582479@n08,16.0,90.174919,27.454713,04-2011
5709586813,56707737@n00,16.0,84.704092,28.57316,10-2010
1630489653,68192311@n00,12.0,74.879894,31.631606,11-2006
11295952894,110023887@n03,16.0,84.05403,28.674788,11-2013
3277095354,21375717@n00,13.0,76.811299,30.722358,12-2008
7527126778,8796403@n06,16.0,77.199997,28.6,10-2008
4440811618,38330543@n06,11.0,85.822792,19.82065,03-2010
2760622577,16366828@n07,12.0,85.113573,30.614572,08-2007
5363121787,27526538@n07,14.0,77.509746,12.831343,01-2011
368009840,35078881@n00,12.0,83.015527,25.318735,01-2007
3801375646,42681801@n00,11.0,75.14878,28.05282,03-2007
13190583823,98499408@n07,16.0,76.519988,9.02308,10-2012
10146321714,46927390@n00,16.0,76.881402,12.275772,09-2013
6627573097,51668926@n00,13.0,78.313808,30.122189,03-2000
8387991542,53456098@n06,13.0,77.234745,28.645703,01-2013
537929029,54494252@n00,16.0,77.569908,12.942183,05-2007
8632090812,28621876@n08,2.0,84.127769,28.39475,10-2012
8757226890,7956695@n03,16.0,77.62816,12.930628,05-2013
4288343036,97235261@n00,13.0,77.244272,28.589232,06-2009
8084951121,39489503@n00,16.0,83.959313,28.190136,10-2012
4261880542,21375717@n00,16.0,75.590555,31.296666,12-2009
2590187631,71729157@n00,7.0,90.31311,27.549676,11-2007
4976533698,41867033@n00,9.0,72.875877,19.07619,09-2010
6088548084,25152220@n00,16.0,77.600845,12.894205,08-2011
6852935725,76413978@n08,8.0,80.870361,29.064572,08-2010
5249598540,7155605@n03,5.0,72.355957,27.254629,02-2008
4735360572,78305168@n00,12.0,77.661151,12.849879,05-2010
6162917029,65638600@n05,13.0,89.699764,27.480062,10-2009
3549274814,72155957@n00,16.0,77.188525,28.566047,04-2009
9102104247,16056465@n00,16.0,76.610955,15.266597,07-2009
2109900492,65918756@n00,11.0,83.024711,25.326959,03-2005
2957451489,58615301@n00,13.0,77.54837,8.083534,03-2008
4670201818,74894751@n00,16.0,84.039744,28.645147,05-2010
2213946982,63709829@n00,16.0,73.685972,24.603,09-2007
2374539108,94056408@n00,12.0,77.21878,28.633274,03-2008
2686164606,95484412@n00,8.0,79.972229,7.917793,07-2008
3514245665,11958714@n07,13.0,74.876461,31.619949,04-2009
111589799,25047992@n00,12.0,80.050506,15.500333,04-2005
5105207142,10267552@n00,16.0,86.753372,27.82769,10-2010
2832653529,9947540@n05,14.0,72.843561,19.235389,09-2008
5407002827,27788004@n02,14.0,90.409111,23.715149,01-2011
4280430897,46643494@n06,12.0,72.83575,18.942497,01-2010
7682284732,9138264@n06,16.0,88.869875,29.269808,08-2011
3438324131,36964961@n06,13.0,76.116886,11.851433,04-2009
8161805521,46273880@n00,16.0,72.952391,18.331919,01-2007
1214215897,82782917@n00,12.0,75.809955,26.91809,08-2007
2333103489,24661421@n02,10.0,85.522384,27.581633,11-2007
6165869726,49876611@n06,10.0,73.454589,18.552724,08-2011
4499745814,60955494@n00,14.0,84.988527,24.695145,12-2009
5775699844,96863630@n00,16.0,72.854333,19.038833,05-2011
6420488429,64449147@n00,13.0,82.988662,25.317455,11-2010
6223216457,33363480@n05,11.0,74.562866,26.479349,02-1995
4254367138,60955494@n00,10.0,83.007545,25.31889,10-2009
5326398957,27526538@n07,13.0,77.538328,12.991134,01-2011
109738278,97037127@n00,13.0,77.203338,28.555509,03-2006
6376326997,34951407@n03,16.0,74.879808,31.620986,11-2011
1357781306,39489503@n00,16.0,77.237515,28.651989,09-2007
3271553737,30889436@n05,15.0,77.244679,28.609795,01-2009
6664790655,42279668@n06,16.0,76.930333,8.530333,01-2012
131734204,15792768@n00,11.0,72.815322,18.90726,04-2006
2923920402,42656687@n00,14.0,83.011236,25.313032,10-2008
607297598,89044848@n00,14.0,80.050721,24.870123,07-2004
2533104848,24661421@n02,16.0,85.324856,27.672896,11-2007
11061554794,77179348@n00,16.0,76.658319,12.320469,11-2013
5192319098,26849070@n00,12.0,76.807823,30.752531,10-2010
2430671691,21375717@n00,12.0,75.593748,31.29124,04-2008
4285676349,20326150@n00,13.0,77.214574,28.68899,01-2010
2971840434,21623815@n03,9.0,76.37239,27.3957,10-2008
9390253204,82096057@n00,12.0,91.735153,26.194106,07-2013
376753639,67307120@n00,16.0,77.094132,28.498764,01-2007
4670206806,74894751@n00,16.0,84.039291,28.636763,05-2010
3987662246,56796376@n00,16.0,80.249097,13.050966,10-2009
3976840890,21889428@n03,11.0,77.530006,34.169658,10-2009
6376343187,80209127@n00,16.0,77.257662,8.392092,11-2011
8564222849,22451301@n00,13.0,76.471771,15.32026,03-2013
435222889,33088287@n00,16.0,85.32727,27.69992,03-2007
4509476899,60955494@n00,11.0,82.994842,25.33813,01-2010
5017591744,7729354@n08,12.0,77.38306,28.621822,09-2010
8197833073,60655620@n00,13.0,75.205535,13.665086,08-2012
953637053,97943995@n00,11.0,75.91587,11.38294,07-2007
25361990,29273052@n00,12.0,77.566394,12.96207,06-2005
2094048586,21255424@n07,9.0,70.168304,26.951453,11-2007
4513640779,60955494@n00,11.0,82.994842,25.33813,01-2010
8556071725,36859875@n00,16.0,78.042166,27.174833,03-2013
5506654981,60297230@n03,11.0,76.243915,9.965807,02-2011
5798996209,18452559@n00,14.0,85.315446,27.705909,05-2011
4463189587,49291907@n00,16.0,73.911681,15.503891,02-2010
4517085083,60955494@n00,4.0,82.599208,19.606841,02-2010
3630192874,39389163@n02,15.0,72.901389,19.133856,06-2009
6221647988,85855348@n00,16.0,75.850749,26.986433,09-2011
3458803788,24776728@n08,11.0,79.616546,30.638798,08-2007
5844888291,7956695@n03,11.0,76.629638,11.675436,06-2011
9075206810,45516485@n00,11.0,79.526939,30.532102,08-2011
7808973330,86054849@n00,16.0,80.189697,12.608833,08-2012
4295165486,13920302@n07,6.0,74.053344,15.284185,04-2004
5505909734,53739619@n00,9.0,77.591629,13.138328,02-2011
10153725934,57673737@n00,16.0,79.919694,24.853294,09-2013
362253586,67793730@n00,12.0,81.887626,25.426067,01-2007
3292358029,34073237@n04,16.0,75.808625,26.926795,02-2009
10258375973,49047294@n06,16.0,68.841833,35.595,08-2013
6054178772,41301446@n05,11.0,85.319995,27.677903,08-2011
9561993618,11668043@n00,16.0,75.827089,22.686736,08-2013
3386082298,11124467@n02,16.0,74.947561,31.141133,05-2008
8207035424,46273880@n00,16.0,73.69448,24.576052,07-2008
4509859259,60955494@n00,11.0,82.994842,25.33813,01-2010
5692804679,28650594@n03,2.0,67.678939,33.93045,05-2011
5121202378,21714880@n05,13.0,89.683842,27.458663,10-2010
2487953483,30088500@n00,16.0,90.413644,23.70399,05-2008
4420346454,44124332252@n01,16.0,85.4245,27.671333,10-2009
440998362,75586657@n00,8.0,83.283233,17.73953,01-2007
3025836955,48587703@n00,15.0,72.956653,21.272978,11-2008
7182231146,15427108@n05,15.0,73.97262,15.439791,04-2012
2093129215,21255424@n07,9.0,70.168304,26.951453,11-2007
13377527333,37313707@n00,16.0,84.884558,22.260763,03-2014
4111240909,42833030@n04,6.0,84.979248,27.955591,11-1978
5583534784,60905522@n08,11.0,77.170372,32.237488,06-2010
13671394145,84448650@n02,16.0,77.21068,28.695063,02-2014
4649580784,25095063@n04,16.0,76.701308,11.405397,08-2008
510616306,90031398@n00,14.0,73.685002,24.571421,05-2007
6275975596,43564846@n07,16.0,77.233355,28.651336,09-2011
8250075131,79636838@n06,13.0,75.278062,27.857365,07-2012
3551947043,89027534@n00,16.0,77.581522,13.01337,01-2008
5041113013,37403827@n00,12.0,72.910251,19.210265,10-2010
6734223599,36521983709@n01,13.0,75.9696,12.41537,01-2012
389740213,10334944@n00,5.0,77.958984,27.274161,01-2007
622458393,89044848@n00,16.0,77.18551,28.524312,07-2004
4393374504,24862929@n02,12.0,76.02539,11.503407,02-2010
5891685393,40584328@n00,15.0,77.612078,12.97424,06-2011
5696216453,7739090@n05,11.0,91.132011,29.650499,04-2011
339213055,65301445@n00,9.0,77.590942,12.977794,12-2006
6789602905,51917228@n05,14.0,77.158527,9.619875,01-2012
1189761766,45818641@n00,12.0,77.262039,12.744083,08-2007
9716640989,62466827@n02,15.0,73.672835,24.574777,09-2013
3475022325,25152220@n00,16.0,77.69493,12.9399,04-2009
3369993744,11124467@n02,16.0,77.080923,28.597085,05-2008
7988407887,7174746@n05,12.0,80.922718,7.995827,08-2012
2796934037,12276011@n02,8.0,90.6427,23.818013,08-2008
349235805,91314344@n00,16.0,72.972822,19.257617,01-2007
5439051554,55228353@n00,16.0,78.02201,27.176612,11-2010
4878339357,30798712@n02,12.0,77.220067,28.594488,08-2010
4516884403,60955494@n00,11.0,82.994842,25.33813,01-2010
3284507037,35429720@n05,14.0,74.547879,26.491661,02-2009
2592810499,31477369@n00,15.0,72.820515,18.927133,06-2008
6894306862,80209127@n00,16.0,72.931228,18.964012,03-2012
3791933108,48889048097@n01,13.0,78.671207,10.777367,07-2009
3491737940,37865208@n04,9.0,74.742736,19.112082,03-2009
6861030520,45493649@n00,16.0,75.836563,26.934677,03-2012
3292481650,51886699@n00,10.0,73.028869,19.11857,02-2009
7502257252,45093568@n08,14.0,77.579741,12.970476,07-2012
8564387384,29864057@n03,14.0,88.364453,22.571377,02-2013
2293454339,8971853@n08,9.0,83.014068,25.324787,02-2008
5426355372,23193408@n00,12.0,76.63805,11.569675,01-2011
1412009748,7399347@n05,11.0,73.868293,18.533978,09-2007
4043882092,38380696@n03,14.0,77.526483,34.177411,05-2009
4325524948,20144186@n04,16.0,78.298875,17.359036,10-2009
9216657183,17046628@n08,16.0,72.901333,19.134333,05-2013
9197812100,8250978@n04,16.0,77.67738,27.572427,01-2013
3394938284,40855786@n00,10.0,74.553909,26.488704,03-2009
3902745651,29675285@n02,13.0,73.513383,25.107829,09-2009
8213404494,11803716@n00,10.0,77.612915,12.961735,11-2012
3967134266,76294536@n00,12.0,85.310554,27.709898,08-2009
6834577508,80209127@n00,16.0,73.773114,15.491971,03-2012
7051025573,95672737@n00,12.0,86.608657,27.999403,02-2012
409841087,43546466@n00,12.0,73.820314,15.602205,03-2007
6027954845,17155762@n00,16.0,77.22467,28.625853,08-2011
5263133473,12213241@n00,11.0,74.868564,31.636429,11-2010
8431167312,49258007@n03,11.0,90.396537,23.71181,01-2013
6687124425,46112049@n02,14.0,88.334155,22.55277,01-2012
2063121353,72295842@n00,12.0,73.671913,24.588495,11-2007
1198530995,69767171@n00,10.0,69.166488,34.529469,09-2007
3199058166,21375717@n00,12.0,75.593748,31.29124,01-2009
3420814974,21375717@n00,16.0,75.590738,31.296669,04-2009
5439014992,72245999@n00,16.0,78.456832,17.43221,02-2011
5404006464,10209031@n08,11.0,77.620979,12.9558,01-2011
3292689970,34073237@n04,16.0,78.027198,27.175619,02-2009
3367090919,11124467@n02,16.0,76.806325,30.749088,05-2008
13675430174,69754706@n02,16.0,83.012952,25.309352,11-2013
7060141431,7183730@n06,16.0,77.245833,28.643166,03-2012
5426408153,20144186@n04,16.0,73.816714,15.594093,01-2011
4303376876,68117180@n00,16.0,77.22496,28.635307,12-2009
8792097658,20830391@n04,16.0,75.787125,26.920233,08-2010
415395697,43145783@n00,12.0,75.815448,26.919927,11-2006
5791815800,8382111@n02,15.0,85.364048,27.725209,04-2011
5580922455,34181233@n06,1.0,74.021369,15.012169,02-2011
6969853996,84538407@n00,16.0,77.113208,30.969734,04-2012
1463742117,22598847@n00,7.0,80.255126,13.132979,09-2007
4552101311,41556154@n06,16.0,78.173546,29.964354,01-2007
12026204025,37313707@n00,16.0,84.857025,22.178122,01-2014
6133996783,72155957@n00,13.0,74.314613,27.129347,08-2011
2127428564,44124298927@n01,15.0,80.244741,13.062485,12-2007
782143211,28747587@n00,12.0,73.512954,18.640064,07-2007
583532287,48889048097@n01,13.0,78.671464,10.777282,06-2004
8389340437,54717162@n00,16.0,73.906294,15.499805,01-2013
203778715,13388133@n00,9.0,72.542724,23.010228,08-2006
3220026137,26124666@n00,12.0,74.032917,15.459388,01-2009
4398624827,48006266@n04,12.0,72.62392,22.324432,02-2009
2270957320,21065503@n02,3.0,75.673828,27.254629,01-2008
2398876555,50123898@n00,14.0,72.837488,19.032058,04-2008
8897039516,55715411@n00,16.0,85.333333,27.7,03-1999
8195811174,21815205@n00,16.0,78.327943,17.454116,11-2012
3555542065,36476418@n00,16.0,77.216575,28.626757,12-2006
371438044,12498350@n00,7.0,85.286865,27.720004,01-2007
1600738412,8095835@n08,12.0,77.55661,12.971438,10-2007
10570515634,93382693@n00,13.0,77.238607,28.655871,10-2012
4289594856,64087373@n00,13.0,78.021554,27.184104,01-2010
12679516375,10345599@n03,16.0,85.320521,27.68063,02-2014
8532788293,22991176@n02,10.0,83.989105,28.227575,03-2013
5339880447,49809164@n05,8.0,75.783691,26.926967,11-2010
9610191484,97490011@n06,11.0,83.015413,25.318011,08-2013
5877022021,40584328@n00,12.0,78.207378,11.777628,06-2011
5070775613,44112235@n04,12.0,74.369888,31.53136,07-2010
550290150,89044848@n00,12.0,79.92897,24.852562,12-2006
5642992499,46164638@n03,11.0,77.221183,28.639376,04-2011
8304597726,86251620@n00,16.0,89.37493,27.751502,11-2012
8082959104,39489503@n00,16.0,84.541627,27.883308,10-2012
4793530583,53739619@n00,16.0,76.290435,12.131977,09-2006
8170149866,27291676@n06,8.0,77.577209,12.985824,11-2012
394635461,39837166@n00,13.0,73.891983,15.339733,02-2007
1274890538,53493424@n00,16.0,72.905852,19.207793,07-2007
2616230217,19036523@n00,16.0,83.010286,25.308435,05-2008
554154262,89044848@n00,12.0,79.92897,24.852562,12-2006
2206316223,37936363@n00,12.0,77.277488,12.716874,01-2008
6955805216,33777810@n08,11.0,72.843704,19.36006,03-2012
8413413249,57974319@n00,16.0,77.664686,27.096541,12-2010
298657516,12771303@n00,12.0,72.588901,23.023894,11-2006
5435526326,14584356@n08,10.0,92.176391,29.668176,05-2010
4513238513,89743353@n00,10.0,77.546997,12.831887,04-2010
3024797445,48587703@n00,12.0,73.68144,21.876394,11-2008
6161282577,74821492@n00,16.0,72.384117,23.13991,09-2011
2122876828,90417577@n00,9.0,77.573089,12.963743,08-2007
12045518573,13014046@n00,16.0,73.704694,15.681418,01-2014
6781739087,37850683@n04,12.0,76.499862,28.357265,01-2012
3759669554,22098403@n00,11.0,75.991401,13.217553,07-2009
8581910488,22991176@n02,10.0,86.618957,27.963475,03-2013
5163100928,50979393@n00,16.0,85.431963,27.674869,11-2010
4413201089,10440180@n03,16.0,78.2015,29.990922,03-2010
6643069389,88395838@n00,11.0,88.305187,27.172651,03-2008
565594138,89044848@n00,15.0,75.837142,26.979767,01-2007
583950850,48889048097@n01,12.0,80.232124,13.04085,03-2005
4737726755,60955494@n00,13.0,83.983268,28.686145,06-2010
5555960972,25762759@n05,16.0,78.483333,17.466666,03-2011
3471651349,25794509@n05,4.0,91.054687,23.997627,07-2008
6736666021,51917228@n05,14.0,77.168569,9.611793,09-2011
2321652091,24069847@n06,9.0,85.832061,19.819682,08-2003
5695526908,37850683@n04,15.0,77.17889,28.511086,05-2011
8536684446,13070711@n03,15.0,77.602229,13.017896,03-2013
6622562707,25428033@n07,11.0,91.744613,26.17468,04-2011
474937325,17754816@n00,12.0,88.26622,27.043684,04-2007
9873556084,88589827@n00,16.0,69.219596,34.571677,09-2013
3526354136,94965208@n00,11.0,78.708801,10.810712,04-2009
2938127322,48889048097@n01,16.0,77.672266,12.967496,10-2008
6950735980,91745097@n00,13.0,77.178697,10.020497,04-2012
2269023811,23791860@n03,15.0,77.245978,28.592435,02-2006
3617454752,9720378@n06,12.0,80.190238,12.622247,04-2009
556865969,89044848@n00,15.0,80.185689,24.70095,12-2006
2123782505,90417577@n00,16.0,78.041944,27.174358,08-2007
2510911802,21375717@n00,12.0,75.593748,31.29124,05-2008
10622049046,90547847@n06,13.0,77.181358,28.56628,11-2013
6334577452,28552823@n02,12.0,79.923477,24.859649,10-2011
1094183359,91314344@n00,16.0,72.837789,18.977975,08-2007
883682198,10486874@n08,12.0,85.312957,27.711798,07-2007
4605686331,25095063@n04,16.0,74.316158,14.529388,12-2008
8212329913,11803716@n00,10.0,77.612915,12.961735,11-2012
607115138,89044848@n00,14.0,80.050721,24.870123,07-2004
332504558,91314344@n00,16.0,72.978487,19.256549,12-2006
