LineNo,PhotoID,UserID,DateTaken,Latitude,Longitude,Accuracy
898,4256363529,97188200@N00,01-2010,77.620979,12.9558,8.0
2272,2498375715,58419684@N00,05-2008,77.177581,31.104685,9.0
3032,4132612622,86124626@N00,11-2009,76.689891,10.127737,12.0
3417,12922766464,29780116@N03,02-2014,77.205982,28.607156,16.0
4898,3736461532,21589235@N06,02-2008,85.378997,27.797,13.0
5365,5797806581,96863630@N00,06-2011,72.829148,18.9531,16.0
5930,2249551851,45306251@N00,02-2008,90.359287,22.817801,12.0
6376,5097182980,10267552@N00,10-2010,85.320168,27.670759,16.0
7166,12912116753,69754706@N02,11-2013,75.850713,26.986161,16.0
7217,181679983,89719900@N00,09-2005,86.589431,28.202767,10.0
8180,4610575156,16069488@N00,02-2010,77.489097,27.215299,16.0
8339,518723723,40040700428@N01,05-2007,69.167432,34.52261,12.0
8394,6307380477,61545321@N06,11-2011,89.736328,24.487148,6.0
9054,2094040610,21255424@N07,11-2007,78.008422,27.177843,11.0
11435,4553966075,46274484@N07,04-2010,77.074584,28.666491,7.0
11615,7571328980,61784959@N00,07-2010,78.021426,27.181432,14.0
12152,7179754898,74821492@N00,05-2012,80.24958,13.060422,16.0
12290,9167231400,37313707@N00,06-2013,84.887488,22.261891,16.0
12950,1030034142,8765969@N02,10-2006,73.822631,15.4325,6.0
13481,478340424,17754816@N00,04-2007,88.200988,27.309553,10.0
13840,8472289771,22991176@N02,02-2013,72.8833,26.470573,6.0
15089,3074118057,41178808@N00,11-2008,75.632286,35.304759,11.0
15348,196044558,81818938@N00,03-2005,78.040094,27.175132,10.0
15724,2528671360,62451331@N00,04-2008,78.034279,27.196033,14.0
17010,7536385196,8796403@N06,04-2004,73.910103,15.5019,16.0
17543,2995917864,31302833@N04,07-2008,85.31785,27.713166,16.0
17657,2094015084,21255424@N07,11-2007,78.008422,27.177843,11.0
17660,6196538724,43643447@N00,09-2010,89.64569,27.532629,7.0
18013,5845076971,7956695@N03,06-2011,76.629638,11.675436,11.0
18376,8471778967,8796403@N06,02-2013,81.889858,25.440949,12.0
19080,3230001369,24574470@N00,01-2009,73.763494,15.549787,13.0
19468,2909835769,98245622@N00,12-2007,73.023033,26.29732,16.0
20016,4473417921,35967967@N02,03-2010,74.841957,34.088634,12.0
20246,6272830384,24203582@N04,10-2011,90.628967,30.892797,7.0
20446,2832816007,44124298927@N01,08-2008,74.876246,31.619839,14.0
21378,8609819430,87850762@N02,03-2013,80.246694,12.811843,16.0
21536,168596272,69775797@N00,09-2005,69.016113,34.957995,4.0
22052,3547590206,72155957@N00,04-2009,77.193782,28.553128,16.0
22123,6464286529,37850683@N04,12-2011,77.220668,28.610534,16.0
23108,3640699318,36664496@N03,02-2014,77.644533,12.958675,16.0
23260,9642815165,60474555@N00,09-2013,77.584011,13.044675,16.0
23409,4152380936,27647890@N03,11-2009,78.04063,27.171248,15.0
24722,25515353,61886413@N00,11-2004,84.550781,27.974997,5.0
26591,172118083,99373037@N00,06-2006,76.481323,15.347761,7.0
27021,615678435,89044848@N00,07-2004,78.02134,27.180611,15.0
28791,5946945381,53396810@N00,06-2011,78.040781,27.172422,13.0
29924,4896737076,24574470@N00,08-2010,75.177898,20.01658,13.0
30178,1843862955,41247690@N00,06-2005,78.010826,13.223569,10.0
30801,327787043,16983412@N00,11-2006,79.628722,29.480331,16.0
31395,556199541,84609891@N00,06-2007,77.155351,12.30386,12.0
31850,8484619775,88991729@N00,02-2013,77.644963,12.973977,16.0
32337,4864524364,41259399@N07,04-2009,76.472381,15.32345,9.0
34195,3285236567,29795849@N00,10-2008,78.011212,27.178759,14.0
34479,7592340524,10188642@N00,07-2012,73.017883,26.298339,14.0
35110,7318725536,34663048@N00,05-2012,76.088261,11.618945,14.0
35846,8988725802,10340578@N06,02-2013,85.433686,27.672494,16.0
37310,7140456325,25652622@N00,04-2012,86.651776,27.832953,16.0
37601,11865831233,75546495@N03,09-2010,90.074677,27.45562,16.0
37876,8200072670,17616316@N00,12-2011,79.83593,11.930508,16.0
37879,5750853813,76209814@N00,05-2009,77.185692,28.524232,16.0
37909,3150517671,21994122@N04,10-2008,78.39524,17.439075,14.0
38497,6226447319,92095273@N00,10-2011,77.211311,28.640516,16.0
38660,5880479180,33088287@N00,02-2011,85.349371,27.710069,16.0
38943,529141508,7956695@N03,06-2007,77.697715,13.387866,12.0
39228,320533403,58324854@N00,11-2006,75.798797,26.920233,11.0
39642,2094118584,21255424@N07,10-2007,85.314159,27.707087,12.0
40505,6480504033,59151633@N00,11-2011,77.324126,19.145533,16.0
40959,5835855654,98472009@N00,02-2011,86.850833,28.141111,16.0
41038,6723145979,30145457@N08,12-2011,77.58768,12.983278,12.0
41169,2091078584,63138333@N00,11-2007,83.00879,25.305729,16.0
42898,5875266574,40584328@N00,06-2011,77.622613,12.984381,14.0
43322,1460386861,14355801@N06,09-2007,70.912027,26.911508,12.0
44453,4509567625,60955494@N00,01-2010,82.994842,25.33813,11.0
44789,3319830290,11124467@N02,04-2008,76.31671,9.94926,16.0
45623,8271249455,68987276@N05,12-2012,77.113037,28.64721,10.0
46749,349248859,96407553@N00,02-2006,76.651611,12.302183,16.0
47207,6510750829,50628848@N07,04-2011,85.136833,25.602792,14.0
47303,9216694115,17046628@N08,05-2013,72.825833,18.927333,16.0
47874,11124376326,35468149066@N01,08-2011,77.161333,28.550833,16.0
49241,6013340353,59049593@N03,07-2011,81.21025,8.591884,16.0
49272,3625819232,30244264@N06,06-2009,80.284609,13.054437,14.0
50092,38184030,82785675@N00,08-2005,73.198299,34.150098,12.0
50834,4092061369,14744444@N02,11-2009,73.754138,15.54998,12.0
52113,307873369,57155801@N00,11-2006,77.568165,13.01316,16.0
52709,6853090729,76413978@N08,10-2010,80.870361,29.064572,8.0
53561,4833688225,45306251@N00,06-2010,72.8426,33.745168,16.0
54761,6133994243,72155957@N00,08-2011,74.314613,27.129347,13.0
55440,2076814814,72295842@N00,10-2007,76.45832,15.321687,12.0
56515,2049949444,87232391@N00,11-2007,77.571426,12.945069,16.0
57512,3349809612,32569173@N02,01-2009,77.581329,12.99276,9.0
57836,3155106880,29480496@N05,12-2008,73.324985,16.99236,12.0
58504,5384634431,48587703@N00,01-2011,72.927289,22.554296,14.0
58510,5382531600,48587703@N00,01-2011,73.820915,23.297486,12.0
58688,974720446,45966355@N00,02-2007,73.687276,24.583968,12.0
59938,11361793556,13014046@N00,12-2013,73.703499,15.687542,16.0
62845,11059546726,97725124@N00,11-2013,74.878055,31.618888,16.0
62972,2173876557,19364701@N00,12-2007,76.612472,11.69813,11.0
63113,12247723834,95012188@N02,01-2013,72.586988,23.023836,16.0
63295,8371566312,49253583@N02,12-2012,70.921554,26.91962,16.0
63581,8619589865,67331794@N08,03-2013,76.912551,30.12985,11.0
63703,6458806717,7729354@N08,11-2011,77.38306,28.621822,12.0
63891,6956029837,49970491@N07,01-2012,88.34896,22.561073,10.0
64270,9247868120,11124467@N02,07-2013,85.295097,27.744591,16.0
65167,4406684120,42673181@N07,02-2010,73.914427,15.276816,14.0
65818,10140431236,57673737@N00,09-2013,85.905077,25.381094,16.0
66247,5615629515,58255533@N03,04-2011,79.433333,18.866666,16.0
67440,5734106309,34010070@N04,04-2011,77.219123,28.632614,14.0
68046,6640967055,59275783@N04,12-2011,85.309181,27.716509,11.0
68458,6014153459,99366248@N00,07-2011,80.898427,26.871942,15.0
69114,4278608987,14269353@N00,01-2010,87.862587,22.871149,10.0
70050,7540549384,8796403@N06,02-1994,83.822333,28.452333,16.0
70354,2220027724,25897810@N00,01-2008,76.331119,9.501804,12.0
71004,12191973514,57773506@N04,01-2014,85.325258,27.673266,16.0
72047,6334285026,50979393@N00,11-2011,73.020713,26.296461,16.0
72382,4191294728,16056465@N00,07-2009,76.458891,15.335155,16.0
72516,3316743089,11124467@N02,04-2008,77.828635,9.139191,16.0
73786,8416389653,37313707@N00,01-2013,84.855963,22.255261,16.0
74493,6221948927,85855348@N00,09-2011,75.82683,26.924061,16.0
76328,2093194513,21255424@N07,10-2007,85.314159,27.707087,12.0
76519,5838046377,98472009@N00,02-2011,90.608333,29.188888,16.0
76548,484542800,56495646@N00,03-2006,88.369216,22.5365,11.0
76769,6305864371,27087959@N00,10-2011,73.911316,15.501212,15.0
76907,2401911312,48889048097@N01,04-2008,80.263023,13.036538,16.0
77304,3411937111,42162585@N00,03-2009,79.833784,11.937158,13.0
78364,3385470662,7567977@N05,12-2008,76.652019,12.311203,16.0
78452,8978330664,85914824@N00,06-2013,80.191666,13.068333,16.0
78519,181280640,48889091015@N01,03-2006,80.255126,13.114255,7.0
78789,5354174992,37850683@N04,01-2011,74.15162,15.228953,13.0
78911,376845714,12498350@N00,01-2007,86.662902,27.518015,7.0
79833,7187859576,63644460@N05,05-2012,86.810686,27.948797,16.0
80022,7148773161,37850683@N04,05-2012,77.201056,28.625344,16.0
80548,2121168928,90417577@N00,06-2007,77.573089,12.963743,9.0
81536,10899780176,7194536@N02,11-2013,83.803141,28.346375,16.0
81668,8798337205,17046628@N08,05-2013,73.0345,19.115833,16.0
81956,357223393,36476418@N00,01-2007,83.019647,25.319045,12.0
82214,8703953085,45697441@N00,05-2013,77.637915,12.972982,16.0
82250,764383899,9895374@N08,02-2007,76.385407,15.28671,14.0
83067,5602551732,37850683@N04,04-2011,77.178397,28.533013,14.0
83103,8599484732,26029113@N07,12-2012,90.488891,29.843621,10.0
83329,8558905931,31792248@N04,03-2013,83.944655,28.20118,16.0
83962,12308744104,10297667@N06,10-2010,76.805172,30.752819,16.0
84168,8691756679,88792132@N00,04-2013,73.675346,24.571421,16.0
85319,6125024886,11734179@N04,08-2011,77.036132,28.777289,5.0
85337,8699416890,44124298927@N01,05-2013,80.262776,13.044748,16.0
85529,417928968,19364701@N00,02-2007,88.351686,22.64562,16.0
87375,2780159593,95152037@N00,07-2008,78.50315,33.90547,12.0
88290,174715115,63869057@N00,06-2006,78.518772,17.470946,12.0
88991,6751198455,39507698@N05,10-2004,79.046768,30.955971,12.0
89049,2180431116,69119358@N00,12-2007,73.753108,15.531925,12.0
89927,3990440272,7513474@N08,06-2009,76.228652,11.930339,13.0
90164,2540253537,9860698@N03,05-2008,77.111148,10.099853,11.0
90173,12525039725,23061526@N00,10-2013,77.21878,28.648415,9.0
90176,2145868600,23619903@N00,12-2007,76.080322,11.137645,10.0
93061,2362816837,21375717@N00,03-2008,75.593748,31.29124,12.0
93300,727935924,68556734@N00,06-2007,78.011856,27.181661,11.0
94219,10497358315,24499854@N08,10-2013,73.953616,18.49793,16.0
94361,8579790607,81565899@N00,03-2013,73.807245,18.563972,16.0
94615,4436706175,57419996@N00,02-2010,75.861539,13.166202,13.0
95210,2157115069,8616953@N04,12-2008,78.009796,27.17601,12.0
95215,4007020031,60955494@N00,10-2009,77.189941,28.658056,9.0
95701,5094283147,25095063@N04,10-2010,72.827536,18.932733,16.0
96202,11683783154,9808711@N04,12-2013,72.879888,19.116016,16.0
96235,13927278603,67977633@N08,04-2014,77.673694,27.48298,16.0
96861,3552666296,89027534@N00,01-2008,80.728225,7.953868,12.0
97081,549728472,89044848@N00,12-2006,78.042969,27.174846,15.0
98616,439610664,13143455@N00,03-2007,80.190582,12.624257,10.0
98640,3525539781,94965208@N00,02-2009,77.537555,8.089312,12.0
98802,3923539402,38476144@N07,09-2009,72.875877,19.07619,11.0
98842,2234663420,37525222@N00,01-2008,73.995666,15.042948,8.0
98926,6788541640,28552823@N02,02-2012,76.764907,30.737704,10.0
98933,4105909517,88589201@N00,10-2009,77.129516,28.60077,14.0
99123,3659554739,29933538@N06,06-2009,89.645004,27.458168,12.0
99210,8728850560,61079907@N00,03-2013,78.04269,27.17477,16.0
99266,379339564,57155801@N00,01-2007,75.662842,11.983913,16.0
99319,276169541,66493466@N00,10-2006,79.344978,29.688351,10.0
99390,3673906667,13016759@N03,06-2009,74.549961,32.520328,12.0
99870,882871989,10486874@N08,07-2007,85.312957,27.711798,12.0
100126,6364944183,10244582@N00,11-2011,77.994453,27.183799,11.0
100196,3983782892,8263540@N05,10-2009,73.750019,15.56434,12.0
100611,6270206952,25095063@N04,01-2011,73.774166,15.492011,16.0
100956,3118589009,78976320@N00,12-2008,77.419723,23.239089,9.0
101011,2530430576,12276011@N02,05-2008,90.77917,24.432615,10.0
101741,379171771,45275862@N00,01-2007,88.404386,22.51268,16.0
102806,8310044880,78258323@N00,12-2012,72.871938,18.639027,16.0
103849,8606930192,46273880@N00,03-2013,74.524566,15.861897,16.0
105001,4999417242,8246898@N07,09-2010,73.378722,18.080669,16.0
105490,90917154,54226355@N00,01-2006,73.078651,33.714916,11.0
106121,1468027706,85914824@N00,10-2007,80.292205,13.092687,12.0
106289,10584809345,8250978@N04,05-2013,77.168022,32.306344,16.0
106525,6980376414,9288799@N02,12-2011,79.921,24.851833,16.0
106697,1280957055,17178266@N00,08-2007,73.824048,18.495115,15.0
107004,400575422,89451934@N00,02-2007,72.834205,18.948992,11.0
107960,4541067122,60955494@N00,03-2010,78.721535,20.572485,6.0
108462,3356982014,21874540@N00,03-2009,70.912992,26.91266,15.0
108598,4663112237,41794718@N07,06-2010,77.175693,32.248087,11.0
109465,35421963,21424326@N00,06-2005,73.019514,26.290567,12.0
109512,230795680,43155522@N00,08-2006,75.72052,13.394963,8.0
109825,3378280870,11124467@N02,06-2008,77.296679,28.533695,16.0
110454,8693726679,88792132@N00,04-2013,73.682556,24.57866,15.0
110578,2253225203,63709829@N00,09-2007,78.042472,27.1715,16.0
111406,7396905446,16999444@N08,06-2012,77.18625,28.524854,16.0
111440,4519805419,19736899@N04,02-2010,88.339691,22.554415,9.0
112340,2021519255,70016893@N00,11-2007,72.903213,18.961168,12.0
115036,6045175891,76664011@N00,07-2011,77.239809,28.567411,13.0
115618,543785926,8327383@N02,05-2005,77.217407,28.61587,8.0
115784,4125555732,88589201@N00,10-2009,77.236289,28.649799,14.0
116008,4300472224,45463898@N05,09-2005,77.111663,31.967056,9.0
116301,2557273141,24151837@N08,04-2008,83.957519,28.323724,5.0
117143,4454668907,11264282@N02,03-2010,73.707275,24.584592,6.0
117302,2122724796,90417577@N00,07-2007,77.573089,12.963743,9.0
117606,3909548887,55104877@N00,08-2009,78.577984,25.457718,16.0
117824,8696885815,8243625@N08,01-2013,72.810104,18.890955,11.0
118531,5332034156,54765433@N06,01-2011,88.435209,22.572219,16.0
120400,1678562652,42126397@N00,05-2007,70.913486,26.912426,12.0
121237,3281229138,34073237@N04,01-2009,73.91138,15.28286,12.0
121948,8230780630,46273880@N00,06-2009,78.474602,17.361861,16.0
122163,1516661205,48889048097@N01,01-1980,77.672116,12.967914,16.0
123823,1438731935,45801303@N00,08-2007,75.850499,26.986125,16.0
123909,10161422096,91558463@N04,09-2013,88.595123,27.318094,9.0
124834,3074585929,41178808@N00,11-2008,72.868629,35.02784,9.0
125203,458691816,24711978@N00,04-2007,77.21775,28.670708,11.0
125519,5478233451,29486666@N00,02-2011,84.499797,27.561699,12.0
125844,8694942964,88792132@N00,04-2013,77.218523,28.613308,14.0
126260,6327261810,28552823@N02,10-2011,77.664241,27.085951,13.0
126747,3417383643,23735533@N05,04-2009,78.52478,17.404373,12.0
127278,395374873,95672737@N00,02-2007,91.100006,29.650838,12.0
128023,7088240705,45774179@N00,03-2012,77.493095,10.23422,11.0
128133,2214148547,53555696@N00,01-2008,72.829538,18.980218,16.0
128846,13951046011,123434952@N02,05-2013,84.991908,24.695177,16.0
129172,5606541446,26557761@N00,03-2011,77.878904,29.86613,15.0
130465,8532768271,22991176@N02,03-2013,83.989105,28.227575,10.0
130767,336459100,43646035@N00,12-2006,73.642044,24.602933,12.0
131435,6858994612,20897132@N00,03-2012,85.349166,27.710166,16.0
131605,389100825,68561886@N00,02-2007,77.290019,8.539093,12.0
132636,9040274109,8537588@N03,06-2013,78.057861,30.30176,8.0
132687,2328347436,51035734152@N01,02-2008,69.168548,34.533712,10.0
134452,1482638336,13962136@N03,05-2006,86.686248,27.741276,9.0
134841,10849276424,72155957@N00,10-2013,79.131925,10.782913,16.0
135451,6304354110,42423795@N00,10-2011,73.905833,15.532333,16.0
136382,4721751741,14113765@N00,04-2010,80.75972,7.95694,16.0
136413,8564042911,21375717@N00,03-2013,75.591366,31.297069,16.0
139006,11337983253,74821492@N00,12-2013,72.584808,23.012896,16.0
140888,12241376136,10297667@N06,10-2009,78.024108,27.178225,16.0
141146,5403375631,47335827@N00,11-2010,84.243067,28.55232,16.0
141526,8480761474,26621269@N00,10-2012,85.307061,27.704847,16.0
141612,8205962554,67455754@N06,11-2012,88.193748,22.192459,11.0
142987,4207844081,42713709@N00,12-2009,76.238937,9.957184,14.0
144126,3488524188,37816312@N05,11-2008,85.090055,20.848063,16.0
145590,788875568,28747587@N00,09-2003,73.919448,15.235744,12.0
145754,4489851214,66729335@N00,04-2010,72.862111,18.99542,16.0
145783,565473499,89044848@N00,01-2007,75.837142,26.979767,15.0
145850,3944852391,9978960@N02,08-2009,80.24738,13.085163,15.0
145872,42234389,71481771@N00,01-2005,84.991012,24.696027,16.0
146075,6415347681,30789195@N07,11-2011,88.247,27.016666,16.0
146478,4517560344,60955494@N00,02-2010,82.599208,19.606841,4.0
147352,4226045333,9895374@N08,12-2008,77.623043,14.246497,12.0
147655,8665993608,24499854@N08,04-2013,73.939991,18.551093,16.0
148820,8698608122,31043283@N08,08-2007,77.2229,28.606225,8.0
149890,9245144961,73214610@N08,07-2013,76.650323,12.256056,13.0
150124,4028313307,55104877@N00,10-2009,80.20042,13.093512,16.0
153430,6388545161,90237600@N00,11-2011,77.588666,12.949166,16.0
154855,2631943552,33246833@N00,05-2008,77.486572,10.232069,12.0
155165,5835167994,98472009@N00,02-2011,90.538055,30.103888,16.0
156175,3335429866,11124467@N02,05-2008,70.406478,23.30129,16.0
156567,2400694532,11124467@N02,04-2008,76.486685,12.86147,16.0
157473,5147261965,42833030@N04,01-1994,75.806694,26.907069,10.0
157484,3340920987,91635350@N00,03-2009,81.206817,8.597315,10.0
157593,5365884783,48587703@N00,01-2011,72.92407,22.564561,15.0
157824,8496712927,22991176@N02,02-2013,75.769958,26.97838,8.0
157871,86183494,17118606@N00,01-2006,74.34843,31.569614,12.0
158135,8306501445,87624083@N06,12-2012,71.476031,33.999779,16.0
158597,10295475906,96854014@N02,10-2009,91.116571,29.650278,14.0
158626,9660169610,72478268@N00,08-2013,78.40413,17.385363,16.0
159911,2919434760,30088500@N00,10-2008,90.389295,23.764176,16.0
160381,5716303361,25869855@N04,04-2011,77.575508,34.173027,16.0
160507,1520797818,21375717@N00,10-2007,75.593748,31.29124,12.0
160801,4540642652,66729335@N00,04-2010,73.910973,18.536288,15.0
162558,374687781,12498350@N00,01-2007,86.662902,27.518015,7.0
162563,6250500731,8997331@N04,10-2011,76.644607,12.30512,11.0
162834,2041100525,14876615@N08,02-2006,73.966741,15.25479,12.0
163639,3082573518,32466773@N03,11-2008,73.920049,15.495701,14.0
164596,4609311350,9769664@N04,08-2009,85.429687,27.677219,12.0
165340,4726220237,60955494@N00,05-2010,83.993396,28.221827,12.0
165815,544050201,83884330@N00,06-2007,77.56029,12.970214,16.0
165840,422081689,60799530@N00,02-2007,68.820075,25.474582,12.0
166285,116919465,37706524@N00,03-2006,78.597736,25.374274,16.0
167180,6273752143,24203582@N04,10-2011,86.028442,28.381735,6.0
167591,5359190250,82253519@N00,12-2010,76.170272,10.190622,12.0
167785,6806022145,33088287@N00,07-2011,85.468654,27.657531,12.0
167812,216111433,14417999@N00,08-2006,77.503051,34.497502,6.0
168279,884634205,10486874@N08,06-2007,86.566772,27.934967,8.0
169120,5572152114,25467633@N00,03-2011,77.248762,28.593226,16.0
170815,8718377736,13810514@N07,02-2013,74.885559,34.043556,9.0
171579,5853885132,64225828@N03,05-2011,72.828369,19.119219,7.0
171979,5243833105,34791752@N08,04-2010,85.414656,27.676155,16.0
173265,8289015944,7183730@N06,04-2012,79.92188,24.85212,16.0
173347,6334919114,28552823@N02,10-2011,88.354797,22.553147,9.0
173392,4920678136,10392797@N03,08-2010,91.309089,29.148413,12.0
175110,1020135631,95464641@N00,07-2007,72.577743,23.032978,10.0
175786,4884776777,15436462@N00,08-2010,73.740433,18.575808,16.0
177675,268949209,35032604@N00,10-2006,77.564849,13.451817,12.0
177732,5020803605,90131400@N00,09-2010,72.833833,18.9225,16.0
178085,4127027128,21177724@N02,11-2009,77.641764,12.959545,16.0
178452,6618900321,73216620@N08,11-2011,86.726932,27.680335,12.0
179279,6423491607,60629773@N07,11-2011,80.021967,9.671449,14.0
179980,3408983149,11124467@N02,05-2008,77.807372,33.83738,16.0
180083,8782843397,90276808@N03,12-2012,72.628126,23.188436,15.0
180189,46717646,17352537@N00,08-2005,81.008003,7.9327,10.0
180569,6932349443,53093282@N03,01-2012,73.684272,15.745006,12.0
181543,354984327,58435577@N00,12-2006,76.247863,9.956846,12.0
182461,5838721740,30851923@N04,06-2011,85.781936,25.861135,14.0
182875,4529619223,60955494@N00,03-2010,74.323196,14.546034,11.0
183006,64163243,57155801@N00,11-2005,77.213973,28.610144,10.0
184109,164694392,98719591@N00,05-2006,77.165222,32.268555,8.0
185993,5597546850,37850683@N04,04-2011,77.181358,28.524548,14.0
186481,8461649626,22991176@N02,02-2013,73.168945,28.188243,6.0
187091,13227736835,91316426@N04,09-2013,77.624374,13.000819,16.0
187863,10195655055,8078844@N07,01-2012,75.700813,20.552755,16.0
188425,2235063828,43186907@N00,02-2008,76.460766,15.337705,15.0
188734,5353339321,9643110@N08,05-2010,76.709289,10.005452,12.0
188740,3317352996,11124467@N02,04-2008,77.989868,9.825848,16.0
190643,4736710471,51504857@N03,05-2010,76.329295,9.973204,14.0
191021,303615869,33246833@N00,11-2006,79.690532,11.400105,12.0
191343,345568668,68222897@N00,12-2005,85.361916,27.721438,16.0
191778,8293394005,30703260@N08,12-2012,74.038753,14.986659,14.0
191866,8081753358,39489503@N00,10-2012,84.531622,27.561258,16.0
192601,2642529157,19364701@N00,07-2008,76.612472,11.69813,11.0
193587,4433946462,49291907@N00,02-2010,76.476183,15.342243,16.0
193895,601092764,89044848@N00,07-2004,76.657619,12.427063,15.0
194634,5115280750,25095063@N04,10-2010,77.202213,28.556033,16.0
195631,106170529,48889048097@N01,02-2006,73.808898,18.549928,7.0
196830,2959158690,29955347@N06,10-2008,88.765325,22.091207,12.0
197268,5432440945,27788004@N02,02-2011,72.871241,19.075543,14.0
198954,241367576,32573704@N00,09-2006,80.266542,13.080063,12.0
199464,6595810207,57716062@N06,02-2011,80.244483,13.062589,11.0
199766,3603893184,22451301@N00,05-2009,78.067474,30.461214,14.0
200072,8488270413,24560044@N08,01-2006,71.559341,34.009151,11.0
200402,2434836111,46529447@N00,03-2006,83.195343,18.643317,11.0
200573,6034906379,66261327@N00,01-2011,74.626007,26.47549,8.0
202334,2123730558,90417577@N00,08-2007,77.573089,12.963743,9.0
203166,3971394433,41894169856@N01,09-2009,76.24855,9.946915,9.0
203966,4278578599,14269353@N00,01-2010,87.862587,22.871149,10.0
203999,3659599837,12276011@N02,06-2009,90.389842,23.70179,14.0
204022,6734487211,9620344@N08,01-2012,87.6721,21.651524,12.0
204738,5427573615,63897193@N00,12-2010,77.21569,28.641183,10.0
206285,6162977301,65638600@N05,09-2009,90.391044,23.702851,12.0
207306,2344110832,24661421@N02,11-2007,85.276619,27.717972,16.0
208600,2895905336,68509408@N00,08-2004,68.435039,33.539677,11.0
208799,2440402223,60627558@N00,02-2008,73.019256,26.292645,13.0
209398,4043664267,68222897@N00,09-2009,77.625338,32.388336,16.0
209702,4370019733,38458469@N02,02-2010,76.328887,32.230954,12.0
210897,8223669819,46273880@N00,08-2008,73.335847,16.557102,16.0
211382,117263675,37706524@N00,03-2006,79.924678,24.859415,16.0
211586,4545026987,49291907@N00,03-2010,78.042176,27.17186,16.0
212423,5627106915,37850683@N04,04-2011,77.183632,28.521023,15.0
212714,238196374,73876849@N00,09-2006,72.82545,19.091482,12.0
214116,5053101587,52032216@N00,01-2007,91.132278,29.655015,12.0
214314,370075801,61009686@N00,03-2005,90.737579,27.587406,16.0
215392,2703180044,12209941@N00,06-2008,74.167671,17.281808,12.0
215400,350451861,36323312@N00,12-2006,80.265941,12.994689,12.0
215635,4876881312,79581021@N00,02-2010,75.800085,12.185928,13.0
215841,53913724,21424326@N00,08-2005,76.297731,9.976712,12.0
215935,613981325,89044848@N00,07-2004,79.92897,24.852562,12.0
216893,8555368627,22991176@N02,03-2013,85.317764,27.713926,10.0
217035,4460621301,10519936@N07,12-2007,91.099576,29.650852,13.0
217543,5384485274,25762759@N05,01-2011,84.85,22.216666,16.0
218432,4723485234,60955494@N00,04-2010,83.993396,28.221827,12.0
218848,4793901666,53739619@N00,03-2008,73.379058,18.763313,16.0
218869,34337783,29465723@N00,08-2005,70.897178,26.911814,12.0
220097,2177770639,89165847@N00,01-2008,78.473024,17.376197,12.0
222800,6845667379,54481271@N00,02-2012,74.787808,13.013307,16.0
223366,4678526928,43258217@N02,06-2010,74.870452,31.652212,9.0
224336,2811895965,25794509@N05,07-2008,91.054687,23.997627,4.0
224346,2255820565,15271731@N00,10-2008,77.006177,28.475934,12.0
224872,5413741483,11083093@N02,01-2011,76.45243,15.334808,15.0
225226,1668717879,9643247@N08,09-2007,76.948242,10.250059,4.0
227365,12525144005,23061526@N00,10-2013,77.21878,28.648415,9.0
227963,6221106367,85855348@N00,09-2011,75.787952,26.927786,16.0
229761,7271573194,76200355@N03,04-2012,90.400314,23.696249,11.0
230461,5581195745,37850683@N04,04-2011,77.224745,28.625919,16.0
231860,4401725713,23874626@N06,02-2010,76.978658,8.385197,15.0
232413,7972971714,14016143@N06,08-2012,77.192816,32.32384,14.0
232693,5879543841,40584328@N00,06-2011,77.624995,12.980743,15.0
232765,5431173535,9048128@N07,02-2011,73.902111,15.501243,12.0
232812,7808969718,86054849@N00,08-2012,80.18991,12.609283,16.0
233270,6035435416,66261327@N00,01-2011,77.052612,28.719496,6.0
233612,223157595,45075446@N00,08-2006,78.475341,17.507867,6.0
234201,3358280936,9620344@N08,12-2008,88.343038,22.547816,16.0
234537,1548606292,21375717@N00,10-2007,75.593748,31.29124,12.0
234745,3271524303,30889436@N05,01-2009,77.244958,28.608825,15.0
234829,3926384433,72155957@N00,08-2009,75.396723,22.348686,14.0
235253,6780852051,59318060@N04,01-2012,77.185161,28.525168,16.0
237116,5035159626,78305168@N00,09-2010,76.704551,11.40692,9.0
238806,3313798668,28296578@N00,02-2009,76.241598,9.964792,13.0
239146,366142721,24648752@N00,01-2007,72.823991,18.937667,14.0
239921,4114288543,40492005@N05,11-2008,77.217932,28.620626,16.0
241402,8647466897,74821492@N00,04-2013,78.240287,17.304639,16.0
242621,12399693973,81565899@N00,02-2014,73.920441,18.561325,16.0
243605,357728284,61799059@N00,01-2007,74.645748,36.295896,12.0
243968,4669370665,74894751@N00,05-2010,84.162625,28.606433,16.0
244546,4539042481,51035715376@N01,04-2010,72.930464,18.966784,16.0
244740,229191793,18645779@N00,08-2006,78.461608,17.421408,8.0
245622,8558292683,36859875@N00,03-2013,77.184666,28.524333,16.0
246686,10727544095,67564216@N00,11-2013,77.088386,28.477316,16.0
247976,5768757997,7956695@N03,05-2011,76.885671,12.280505,13.0
248321,362377280,59752540@N00,01-2007,77.560729,12.984485,9.0
250799,2093426013,21255424@N07,11-2007,73.693885,24.579753,11.0
250999,4271139426,60955494@N00,11-2009,83.007545,25.31889,10.0
251175,5095667017,25473113@N08,09-2010,76.349487,27.945886,7.0
251490,11728233265,91418149@N03,11-2012,82.988098,25.31471,11.0
251782,6619629685,73216620@N08,12-2011,83.009262,25.306835,15.0
252641,10887778296,81565899@N00,11-2013,73.87953,18.51733,16.0
253807,5288665894,49809164@N05,11-2010,78.021844,27.177633,16.0
255753,3379054654,86353793@N00,03-2009,73.699035,15.690062,13.0
255866,3327479371,28296578@N00,03-2009,76.688192,8.758578,12.0
256762,4521427340,7730549@N03,03-2010,77.114753,28.645552,12.0
258300,7903231012,36497840@N02,08-2012,77.530006,34.169658,11.0
258829,6035590327,72295842@N00,08-2011,76.30635,9.793457,14.0
258866,2108058601,16173098@N08,03-1983,76.651611,8.77651,6.0
259646,5057326597,35032604@N00,10-2010,76.468963,15.356783,12.0
260247,6684436445,58076840@N08,01-2012,77.289489,28.638349,16.0
261358,8403900495,23930118@N04,11-2012,72.819786,18.924474,11.0
262021,8369995246,41346951@N05,12-2012,72.836265,18.940874,13.0
262466,4507745084,8997331@N04,04-2010,77.578292,12.811679,11.0
263047,8200312572,89288933@N07,10-2012,77.213029,28.687048,13.0
263457,229957065,57969638@N00,01-2006,76.665515,10.123512,12.0
263466,3509802064,30889436@N05,05-2009,73.344254,27.796527,14.0
263697,4514802768,19736899@N04,02-2010,91.878143,25.583499,12.0
264193,6823442003,8010579@N04,12-2011,88.781204,27.360181,11.0
264891,7479342170,74821492@N00,07-2012,78.486671,17.385044,16.0
265357,101961720,95674706@N00,01-2006,76.256446,9.960523,16.0
265855,607475800,89044848@N00,07-2004,80.050721,24.870123,14.0
266842,3086861560,27207517@N08,12-2008,78.02576,27.178225,13.0
267825,11059447754,97725124@N00,11-2013,74.879722,31.621111,16.0
267886,407698885,17144160@N00,01-2007,74.32105,14.519032,12.0
269577,3075272678,41178808@N00,11-2008,74.797433,35.709467,11.0
269637,5326289188,57875985@N02,12-2010,83.340498,17.725219,16.0
274454,2142775093,21063397@N00,12-2007,77.586479,12.950652,14.0
274869,216035148,14417999@N00,08-2006,77.503051,34.497502,6.0
275092,2891874550,72787861@N00,09-2008,69.163055,34.530318,10.0
275574,4950063475,41109263@N00,05-2010,69.595041,23.679114,13.0
276206,4856521134,9643110@N08,01-2010,76.710319,10.00672,11.0
276338,291217458,63375405@N00,11-2006,73.669767,24.576631,12.0
277059,2525164723,62451331@N00,02-2008,78.119359,9.920091,15.0
277381,4021699425,88426469@N00,09-2009,70.914022,26.912656,16.0
280459,1197345371,11241023@N03,08-2005,76.992187,29.382175,4.0
281079,4086344456,7946624@N03,10-2009,76.29737,9.931314,10.0
281356,4225793363,8274782@N04,09-2009,71.27335,36.414491,16.0
281491,3984411808,22451301@N00,09-2009,72.931537,18.963603,12.0
281532,5478944280,55013356@N02,02-2011,90.235176,23.919893,11.0
283314,5107713804,25095063@N04,10-2010,72.871019,19.13893,16.0
284930,1831976815,7669837@N08,10-2007,72.816009,18.963441,8.0
286250,7987854700,72155957@N00,09-2012,77.22908,28.671235,14.0
286332,8646940256,41073622@N06,03-2013,77.555333,8.078265,16.0
286587,106171174,48889048097@N01,02-2006,73.808898,18.549928,7.0
287691,4314240964,25824202@N02,11-2009,73.764524,15.537135,13.0
288228,8380677144,10383800@N08,12-2012,72.817382,19.028366,8.0
288357,11060760964,77179348@N00,11-2013,77.610038,12.966775,16.0
288703,4663728790,41794718@N07,06-2010,77.175693,32.248087,11.0
290465,1103542145,90704495@N00,08-2007,75.788497,13.544874,12.0
291296,59802208,92095273@N00,12-2004,74.320106,14.545951,12.0
292541,516681215,68222897@N00,09-2004,77.6112,33.778597,16.0
292562,8582285462,21375717@N00,02-2013,76.988,30.824319,16.0
294138,6753597651,30582479@N08,05-2011,89.361366,27.483022,16.0
294506,2524550374,27000293@N04,05-2008,90.329589,23.755181,6.0
294830,787572527,96367952@N00,05-2007,89.528611,28.968722,16.0
295803,770716372,96367952@N00,05-2007,91.133972,29.698888,16.0
296348,2119348195,21932201@N04,12-2007,74.809212,12.910352,14.0
298519,2218561588,16874065@N00,01-2008,78.008422,27.198457,9.0
299068,1017866338,95464641@N00,07-2007,72.577743,23.032978,10.0
299072,6892485337,76413978@N08,07-2008,80.870361,29.064572,8.0
299462,2093354963,21255424@N07,11-2007,73.693885,24.579753,11.0
299965,5384759629,48587703@N00,01-2011,72.926731,22.549738,15.0
300165,6273378407,24203582@N04,10-2011,86.028442,28.381735,6.0
300200,5478980700,44048128@N00,02-2011,72.820472,18.927234,14.0
300281,5085728075,30827837@N00,10-2010,73.854582,18.509416,15.0
302073,1191816443,88188214@N00,06-2006,77.584762,12.946093,12.0
302296,8534966142,62344190@N04,02-2013,81.884322,25.441879,14.0
303022,4092828936,14744444@N02,11-2009,73.754138,15.54998,12.0
303807,4224655604,43337914@N00,12-2009,76.286112,9.980609,16.0
305476,5427358165,61009686@N00,01-2011,77.20397,33.981233,16.0
305491,799554321,96367952@N00,05-2007,86.827361,28.195472,16.0
305822,3458714864,24776728@N08,08-2007,74.850883,34.127934,12.0
306218,2842014079,42656687@N00,09-2008,77.179856,31.115193,14.0
306233,243863350,18733834@N00,09-2006,77.20642,28.639376,9.0
307544,3270923233,7729354@N08,02-2009,77.38306,28.621822,12.0
307775,2063701880,70268842@N00,11-2007,69.129924,34.517306,11.0
309255,8462692972,10349159@N08,02-2013,72.875071,19.226535,16.0
309949,4040506662,40954626@N00,10-2009,72.8306,19.126599,13.0
311035,436896661,24086895@N00,09-2006,85.324666,27.673166,16.0
311670,8180819663,44687892@N04,11-2012,85.30961,27.706038,15.0
313306,296855715,80439550@N00,12-2005,88.354797,22.56995,10.0
313711,11494572763,22890158@N08,12-2013,78.02193,27.178578,16.0
314418,3102482149,48087087@N00,12-2008,86.750793,27.902203,8.0
314781,5243834825,34791752@N08,04-2010,85.416901,27.67558,16.0
315289,7973408034,14016143@N06,08-2012,77.911863,33.305281,13.0
315442,8556287217,36859875@N00,03-2013,77.247666,28.592666,16.0
316099,163652018,63189496@N00,01-2006,80.198307,12.622331,12.0
316398,3683581785,48889048097@N01,06-2009,78.671207,10.777367,13.0
316440,5793559024,53997993@N05,09-2009,72.861327,19.133059,8.0
316769,1379293745,12030209@N05,08-2007,76.712036,8.738506,8.0
319387,11060397116,60425842@N02,07-2008,89.940948,27.425414,10.0
320085,8174428854,80373436@N00,10-2012,75.828055,26.923055,16.0
320158,399403485,45275862@N00,01-2003,88.358402,22.57106,12.0
321270,6673226123,50383637@N07,11-2005,81.738281,29.458731,3.0
322032,7949747352,9138264@N06,08-2011,87.980488,29.074566,16.0
322462,2020074064,53555696@N00,11-2007,72.927589,18.536094,12.0
322517,3143660020,52883897@N00,12-2008,77.545666,12.939827,14.0
323307,855205753,34816987@N00,07-2007,76.464843,15.28435,12.0
323829,5488187401,34406101@N05,03-2010,88.331834,22.536526,16.0
323902,3051775249,25824202@N02,11-2008,73.734827,15.599973,13.0
324192,268856329,15117918@N00,01-2006,73.675689,34.186387,11.0
326100,5476999841,55227776@N04,02-2011,75.5716,30.9795,16.0
326142,12938430433,44124380238@N01,02-2014,72.822875,18.994608,16.0
326413,5322773980,56050743@N02,01-2011,76.9445,11.1424,16.0
327278,4335190168,60955494@N00,12-2009,77.994453,27.183799,11.0
327731,218331156,90559965@N00,10-2005,78.083095,30.453705,12.0
328672,6993674136,65326158@N00,04-2012,82.061041,25.53373,16.0
329534,4460673273,10519936@N07,12-2007,91.099576,29.650852,13.0
330028,3550328252,29480496@N05,10-2007,73.329277,16.986614,12.0
331453,9655609040,87686038@N07,08-2013,78.042155,27.175072,16.0
331759,2556835188,48193103@N00,06-2008,72.833068,18.921693,16.0
333369,6189750416,60545731@N06,09-2011,73.786582,15.464186,12.0
333383,4283909801,60955494@N00,11-2009,83.007545,25.31889,10.0
333609,1523762084,93904837@N00,05-2006,76.981887,9.830015,11.0
333894,3760452555,81102241@N00,07-2009,76.46759,15.327234,12.0
334164,5547741349,60905522@N08,06-2010,77.170372,32.237488,11.0
334259,5342583259,12050220@N05,12-2010,85.0475,24.736666,16.0
334265,829579315,76281529@N00,07-2007,77.21878,28.60306,11.0
336491,5572357740,25467633@N00,03-2011,77.251819,28.592331,16.0
336623,3452434460,43186907@N00,04-2009,73.808383,15.522332,13.0
336710,1411142609,65809978@N00,09-2007,76.368122,32.186113,16.0
336834,3393401549,11124467@N02,06-2008,86.47808,25.541588,16.0
336863,96851283,26587560@N00,02-2006,73.733711,15.580545,11.0
337254,9935226835,97693278@N07,09-2013,77.594538,12.956205,16.0
338358,3465006308,24776728@N08,06-2007,73.660926,17.931702,11.0
338362,4292334711,25824202@N02,11-2009,76.470336,15.319287,11.0
339535,10789339266,8250978@N04,05-2013,78.430655,33.957552,16.0
340604,6307381115,61545321@N06,11-2011,89.736328,24.487148,6.0
341148,8454065650,33545812@N00,01-2013,77.699173,12.95015,16.0
343074,7987900897,72155957@N00,09-2012,77.212117,28.676151,16.0
343188,4524280044,39768211@N07,01-2010,79.466557,29.377762,13.0
343237,2149273268,10007579@N00,08-2007,74.55511,18.148787,12.0
343869,2896589101,72155957@N00,09-2008,77.179491,28.530208,15.0
344411,4107109540,42833030@N04,08-1986,77.54425,8.108176,8.0
344609,8245516813,29382029@N03,11-2012,78.016701,27.1833,16.0
344956,4676174105,23808252@N00,06-2010,77.095956,28.505712,14.0
345539,6934676267,28552823@N02,02-2012,76.764907,30.737704,10.0
345554,3598394917,65847570@N00,06-2009,90.944824,29.802517,5.0
345852,6953465260,46783079@N00,03-2012,77.249647,28.640077,16.0
346756,2474081926,46052482@N00,04-2007,86.721954,27.483603,11.0
348752,6529122673,80209127@N00,12-2011,76.471056,10.290331,16.0
349121,144236878,27703725@N00,03-2006,78.024301,27.178836,12.0
349555,232589773,71751754@N00,08-2006,77.562961,34.16757,12.0
351615,3493809937,84207927@N00,04-2008,77.33757,8.242198,14.0
351995,4527519206,60955494@N00,02-2010,74.323196,14.546034,11.0
352350,5803359681,63073819@N00,06-2011,77.641833,12.968666,16.0
352652,9487015558,37583176@N00,08-2013,69.145202,34.571178,13.0
352718,2377903418,38323841@N00,03-2008,77.510089,27.194334,12.0
352796,527415275,8638355@N06,03-2007,88.400233,22.984273,16.0
353204,2352045106,23245178@N08,12-2005,77.242856,28.657994,16.0
355272,8063572496,40848107@N00,09-2012,78.042333,27.174666,16.0
355624,3012588316,81425939@N00,10-2008,85.348867,27.709951,16.0
356119,5845590366,7956695@N03,06-2011,76.629638,11.675436,11.0
357047,3189352234,39773610@N00,12-2008,78.001556,27.195403,9.0
357118,8236885106,26621269@N00,10-2012,86.815202,27.948786,16.0
357645,8181342164,25403423@N00,11-2012,75.916763,22.700686,16.0
357878,11061428693,77179348@N00,11-2013,76.696811,12.419472,16.0
357995,3156599245,32466773@N03,01-2008,73.839604,15.375668,16.0
358772,5855795137,43173953@N02,06-2011,77.5497,8.081983,14.0
359046,5057442333,35032604@N00,10-2010,76.470937,15.3173,13.0
359076,4855419425,41894197861@N01,07-2010,85.312871,27.712617,13.0
359082,2230782094,56796376@N00,11-2007,77.159696,9.608615,16.0
359314,4194181101,45516485@N00,12-2009,75.24485,13.213879,11.0
359381,5510912430,8973616@N06,01-2011,75.572402,31.33023,11.0
359982,8679033001,70901325@N07,04-2013,83.277568,27.499744,12.0
360584,2782755789,48889048097@N01,07-2008,77.672266,12.967496,16.0
360985,6717673469,57716062@N06,02-2011,77.413101,28.676732,10.0
361337,122736054,15792768@N00,03-2006,80.293579,13.091516,11.0
361970,2726120816,66562430@N00,08-2008,74.740333,19.10673,12.0
362432,6500088827,37850683@N04,12-2011,77.241579,28.663732,16.0
363116,6322959782,62274725@N00,10-2011,76.679956,10.125012,16.0
363162,4557608626,78433558@N00,01-2010,68.135833,27.329303,12.0
363310,9336182759,73904611@N03,07-2013,77.576522,12.980471,10.0
365394,4381290252,46288142@N05,02-2010,77.238178,28.656719,14.0
365677,12081477205,113353244@N05,12-2013,76.652555,12.308557,13.0
366339,5703599006,72155957@N00,05-2011,82.040104,27.508584,14.0
366448,2408053222,96722797@N00,04-2008,78.023271,27.179446,13.0
366727,2407628198,11249930@N03,10-2007,80.234709,13.084807,15.0
366876,613370845,89044848@N00,07-2004,79.92897,24.852562,12.0
366897,2334390512,24661421@N02,11-2007,85.370582,27.744666,16.0
367210,11097661586,71917673@N07,11-2013,80.24198,13.032388,16.0
367427,4461454768,10519936@N07,12-2007,91.099576,29.650852,13.0
368014,842682925,87232391@N00,07-2007,77.619325,12.974062,16.0
368670,25516970,61886413@N00,11-2004,84.550781,27.974997,5.0
369559,13041477663,43904604@N06,03-2014,83.010292,25.307029,16.0
370236,3353194023,44124298927@N01,03-2009,80.239398,13.035592,15.0
370388,6892383749,76413978@N08,02-2011,80.870361,29.064572,8.0
370749,5322505065,44124448383@N01,12-2010,77.122544,11.902091,16.0
370794,6388566481,90237600@N00,11-2011,77.573833,12.959333,16.0
371331,10126063633,100420588@N05,07-2009,74.609416,35.193861,16.0
371423,39921485,65346936@N00,07-2005,77.213287,32.33878,11.0
371498,3706375648,57768217@N00,07-2009,77.619666,12.973333,16.0
372510,4518043576,60955494@N00,02-2010,82.599208,19.606841,4.0
374316,4080789704,72155957@N00,10-2009,73.01932,26.299286,15.0
374455,4325861582,97188200@N00,02-2010,77.620979,12.9558,8.0
375222,8643804029,44944819@N00,10-2010,79.131281,10.782521,16.0
375392,8550490368,22991176@N02,03-2013,85.423507,27.690216,10.0
375431,2047258885,22598847@N00,11-2007,80.020294,13.580836,12.0
375956,6741587913,85855348@N00,12-2011,90.461802,27.504983,16.0
377090,149223661,49502969231@N01,05-2006,76.651954,9.939092,10.0
378148,1446346585,7399347@N05,09-2007,73.868293,18.533978,11.0
378877,3707869842,29208923@N06,05-2009,76.976416,29.678097,15.0
380038,7287296348,51917228@N05,05-2012,77.326583,31.872892,10.0
380062,2671941614,21063397@N00,07-2008,77.615704,12.985322,14.0
380632,7114594937,61545321@N06,03-2012,89.558006,22.842599,11.0
380727,779106036,96367952@N00,05-2007,90.715277,29.357083,16.0
381342,6999541933,21532636@N05,12-2011,74.874572,31.651043,10.0
382245,4005820862,7177420@N03,10-2009,77.241975,28.655949,16.0
382678,3389853714,11124467@N02,06-2008,77.666291,27.096705,16.0
383448,433430244,24711978@N00,03-2007,73.906402,15.276236,9.0
384283,2861692275,19261460@N00,09-2008,77.244486,28.605514,16.0
384308,442302829,48600078915@N01,03-2007,72.833862,19.095213,10.0
384318,4855699704,41894197861@N01,07-2010,85.312871,27.712617,13.0
384331,5225815103,7757034@N07,10-2010,86.709938,27.804157,12.0
385253,6376881395,80209127@N00,11-2011,77.258195,8.392768,16.0
385556,6487098293,50628848@N07,04-2011,85.298538,25.504605,14.0
386048,6901345539,42149364@N03,02-2012,73.800417,18.564722,16.0
386261,4875901507,51668926@N00,12-1999,77.547082,8.07614,9.0
387091,3268421593,14669743@N00,02-2009,77.207386,28.614664,15.0
387128,5236966595,43911185@N07,12-2010,72.866821,19.130896,8.0
387351,7988798056,22817957@N03,08-2012,80.994477,26.874561,16.0
388097,5097024752,10267552@N00,09-2010,86.725555,27.817368,16.0
388209,4091953427,15237218@N00,11-2009,77.170854,28.595054,16.0
388269,10149620394,57673737@N00,09-2013,85.001905,25.001616,16.0
388359,5522785943,11327807@N02,12-2010,73.697147,15.694938,12.0
389811,4342364125,44124286026@N01,01-2010,72.839999,19.01,16.0
389924,4194659548,72275263@N00,12-2009,75.073286,28.239394,16.0
389995,228271648,13812819@N00,08-2006,73.861083,24.861518,6.0
391562,7385946266,38495807@N04,05-2012,77.231166,28.655467,16.0
391617,4514499852,60955494@N00,01-2010,82.994842,25.33813,11.0
391752,3037494735,15237218@N00,11-2008,77.170854,28.595054,16.0
393806,5849757449,68877611@N00,03-2011,78.041166,27.175,16.0
394244,8611213389,70806177@N00,03-2013,77.223333,28.604833,16.0
396026,4281162128,46643494@N06,01-2010,72.83575,18.942497,12.0
396633,4246838563,60955494@N00,10-2009,79.799693,27.49144,5.0
397064,1512903681,67793730@N00,10-2007,81.887626,25.426067,12.0
397249,6825246279,54955309@N00,01-2012,88.344806,22.52628,16.0
397633,1546046934,90236105@N00,04-2007,74.644203,24.893365,12.0
397978,6485824693,84292292@N00,11-2011,88.348449,22.584611,16.0
399118,5495870929,54689415@N00,01-2011,77.612915,14.657499,11.0
399811,8628038919,95726175@N00,02-2013,88.342298,22.544526,15.0
400584,8087061485,58736394@N06,09-2012,78.299217,32.024232,16.0
401050,8467186515,91540002@N02,02-2013,76.707744,10.216537,16.0
401099,2937097454,27526538@N07,10-2008,75.872955,13.175436,10.0
402384,8734344625,36864785@N00,02-2013,75.823752,26.925991,16.0
402595,10111114854,46927390@N00,08-2013,77.166408,9.553763,16.0
402917,244695687,75286866@N00,09-2006,77.209167,28.665587,10.0
403717,2043959434,17616316@N00,11-2007,72.584052,23.022018,16.0
403916,1292899092,88188214@N00,09-2007,77.584762,12.946093,12.0
404773,2434843873,46529447@N00,03-2006,83.195343,18.643317,11.0
405353,2919824351,27526538@N07,10-2008,75.58113,13.933567,12.0
405856,420969226,7312938@N07,01-2007,88.490753,22.755287,10.0
406169,58932564,30835617@N00,11-2005,83.100585,17.85329,4.0
406384,4412328945,13320526@N05,12-2008,83.136312,17.653714,15.0
406605,4298912638,30979614@N07,11-2009,88.351321,22.560766,16.0
407278,5725679817,36813143@N08,05-2011,77.156467,32.215996,12.0
407876,2748278017,19769914@N00,08-2008,74.578285,31.609095,11.0
408115,2093848178,21255424@N07,10-2007,85.314159,27.707087,12.0
408526,251176369,96793708@N00,08-2006,71.552066,34.006423,12.0
409247,3314756899,53555696@N00,01-1980,77.65789,27.100851,12.0
409697,324615118,48889048097@N01,12-2006,77.672116,12.967914,16.0
409722,8390463678,46273880@N00,12-2011,72.884986,19.223727,16.0
410245,6490826061,12810816@N08,11-2011,85.430717,27.675623,11.0
410489,5478255371,54925521@N06,01-2011,75.843343,26.95633,15.0
410503,7060163601,7183730@N06,03-2012,77.230166,28.614333,16.0
410716,7196170840,52499764@N00,09-2010,85.306574,27.706678,16.0
412671,3092500732,27207517@N08,12-2008,75.786437,26.895817,13.0
412860,5998880621,63740909@N06,07-2011,70.072002,22.471637,11.0
413595,6134377298,72155957@N00,06-2011,75.209827,33.760915,12.0
413978,2530275310,27086953@N04,05-2008,81.853755,25.457021,16.0
416671,6322606650,30402562@N07,11-2011,73.856213,18.530585,15.0
416914,2434866993,46529447@N00,07-2006,83.035869,18.209947,11.0
416916,5838526910,98472009@N00,02-2011,89.855277,28.834722,16.0
418129,6162342638,9126603@N05,04-2011,77.3339,28.374674,14.0
418856,6618948763,73216620@N08,12-2011,86.726932,27.680335,12.0
419194,5178989343,41712459@N08,11-2010,78.024158,27.188799,13.0
419487,2517040059,15979571@N00,02-2008,76.65101,28.20689,13.0
419755,8606526703,46273880@N00,03-2013,76.461127,15.332841,16.0
419823,10121580274,57673737@N00,09-2013,91.890816,25.58235,16.0
419991,3049142722,25824202@N02,11-2008,76.474456,15.325412,11.0
420070,382765706,37403827@N00,01-2007,73.688478,24.581314,12.0
420532,3476539876,10504927@N08,03-2009,90.11441,22.157885,16.0
421829,2878766616,86827018@N00,09-2008,77.546264,34.172271,6.0
422765,3173236024,38419041@N00,06-2008,80.276069,13.037087,14.0
422966,7694483134,34804966@N03,08-2012,90.380744,23.719039,11.0
423678,3165770420,48889048097@N01,12-2008,80.272593,13.037327,16.0
423835,9485763603,15987342@N00,03-2013,78.021811,27.178152,16.0
424580,1975885943,78898908@N00,11-2007,77.103424,8.744614,9.0
425713,7540565436,8796403@N06,02-1994,83.822333,28.452333,16.0
426528,5163861425,72155957@N00,10-2010,80.900959,26.873123,15.0
427091,2109305221,65918756@N00,03-2005,83.003768,25.236,10.0
429225,6662653835,80209127@N00,01-2012,76.230051,9.981741,16.0
429240,8246630558,29382029@N03,11-2012,76.316704,9.4833,16.0
430439,364479433,81977592@N00,01-2007,77.579956,12.977794,9.0
430721,8263257319,41897878@N00,12-2012,85.309696,27.686872,12.0
432119,3405481170,11124467@N02,05-2008,75.419094,34.262347,16.0
432506,8640412913,58433801@N07,03-2013,80.023614,9.729305,16.0
432701,2433883840,60466964@N00,04-2008,77.11235,28.653537,11.0
432776,3414221781,11124467@N02,05-2008,77.109571,32.485306,16.0
432823,5175148635,20144186@N04,11-2010,78.422185,17.413581,16.0
433793,6093664496,76664011@N00,08-2011,75.182899,20.0165,16.0
434951,3721202356,88078580@N00,07-2009,77.5288,34.173322,11.0
436286,11046911543,94128596@N06,06-2012,75.794377,23.158235,15.0
437208,261571376,58812071@N00,12-2005,77.054328,9.57773,12.0
439534,4034379944,60955494@N00,10-2009,78.303165,30.118774,12.0
442256,5094460247,25095063@N04,10-2010,72.834238,18.922841,16.0
442386,6835068191,24560044@N08,01-2011,82.794761,21.7866,2.0
443377,7209008818,53409047@N06,05-2012,77.620979,12.9558,11.0
444228,4745805301,60955494@N00,01-2010,83.007545,25.31889,10.0
444325,7534112168,8796403@N06,01-2001,72.839996,19.01,16.0
445112,12521205233,10102464@N05,02-2014,73.81731,15.494461,16.0
445261,3521181419,72605979@N00,01-2009,77.950551,27.22025,14.0
445364,2093220223,21255424@N07,11-2007,78.008422,27.177843,11.0
445809,119456778,79395955@N00,03-2006,91.695327,26.188253,12.0
446341,4589637727,46274484@N07,04-2010,77.074584,28.666491,7.0
446552,7284665394,51917228@N05,05-2012,77.326583,31.872892,10.0
447315,97228662,63869057@N00,02-2006,77.20642,28.679744,9.0
447762,525611643,13045501@N00,10-2004,78.02267,27.182195,12.0
448081,40549242,21424326@N00,06-2005,78.0128,27.175705,12.0
448668,5351696462,48587703@N00,01-2011,72.927289,22.554296,14.0
448947,383786242,77986264@N00,12-2005,85.315361,27.708303,12.0
449880,8477576876,52755208@N00,02-2013,85.326967,27.654401,12.0
450267,5363901209,45516485@N00,01-2011,77.594407,12.987324,16.0
451526,3934184406,97419169@N00,09-2009,80.460777,8.233576,10.0
452315,1036311325,56796376@N00,07-2007,75.851137,26.986596,16.0
452528,2365359487,21140594@N03,03-2008,85.585727,27.644682,12.0
454726,1658772801,57704782@N00,09-2007,78.010311,27.190364,12.0
454752,5709078589,53919414@N00,05-2011,79.299208,21.783266,16.0
454877,3332424891,32928755@N00,03-2009,78.023027,27.17763,16.0
455124,3555206243,36249012@N05,05-2009,77.21687,28.707743,16.0
455329,5481430925,55035375@N03,06-2008,91.746688,22.384026,9.0
455952,2474059362,46052482@N00,04-2007,86.721954,27.483603,11.0
456615,4104846743,31778458@N00,11-2009,74.693341,13.628032,14.0
456736,5548376662,60905522@N08,06-2010,77.170372,32.237488,11.0
456772,3384687870,71729157@N00,03-2009,91.178627,27.675374,11.0
456843,989276139,87374365@N00,07-2007,77.218093,28.643293,11.0
457378,5404243917,47335827@N00,11-2010,83.765641,28.804269,16.0
457917,4552815690,41556154@N06,01-2007,78.016701,27.1833,16.0
458434,7248444558,50762723@N02,05-2012,73.923212,18.47552,15.0
458829,3702710561,72155957@N00,06-2009,77.18036,28.519281,16.0
459755,3847171964,28705377@N04,10-2008,83.605957,28.636927,13.0
459839,5149326591,60955494@N00,10-2009,77.994453,27.183799,11.0
461006,3393903461,11124467@N02,06-2008,86.47959,25.550483,16.0
461135,2498978998,41894181187@N01,05-2008,77.221136,28.632716,16.0
461213,7477621632,59540304@N05,05-2011,91.903123,25.582549,14.0
461893,4185861941,97844770@N00,11-2009,85.360035,27.706441,14.0
461916,2956758570,10267552@N00,05-2005,71.526489,36.836071,8.0
462496,3683214249,84609891@N00,06-2009,77.530689,34.172328,11.0
462885,516529190,68222897@N00,09-2004,77.437911,33.882069,16.0
463951,8481132108,22991176@N02,02-2013,73.699035,24.61456,8.0
465094,112353718,48889048097@N01,03-2006,77.256374,12.9435,12.0
465660,4131026657,43423301@N07,11-2009,82.98458,25.326967,16.0
465879,3998273790,15315685@N00,09-2009,75.680694,15.921384,12.0
466038,5327012693,50040871@N06,12-2010,77.168655,32.225145,11.0
466347,3111801359,10322763@N08,04-2006,70.904903,34.985143,12.0
468548,1711876238,93904837@N00,12-2006,78.804931,10.762147,10.0
469388,471483217,89451934@N00,04-2007,83.01527,25.313304,12.0
469514,7424214892,38055578@N08,03-2012,90.442268,27.515499,2.0
469569,492642753,40040700428@N01,04-2007,69.167432,34.52261,12.0
470126,5745505783,8390210@N07,09-2009,85.322914,27.680791,11.0
471036,12109017324,58535265@N02,03-2013,77.620979,12.9558,11.0
471151,4044370750,68222897@N00,09-2009,77.632319,32.3953,16.0
472238,1598380784,39188487@N00,10-2007,74.839038,12.881592,12.0
473496,6477794521,71102643@N00,12-2011,77.682824,12.912883,14.0
476433,5348034727,12050220@N05,12-2010,85.444722,25.004722,16.0
479314,8521681358,31341155@N07,03-2013,73.831878,15.486909,11.0
480082,6789846783,85855348@N00,12-2011,89.453394,27.415863,16.0
482124,2747468134,11043119@N00,07-2008,77.534122,34.171831,12.0
482214,6273987803,24203582@N04,10-2011,86.028442,28.381735,6.0
482279,7787568448,36484111@N00,08-2012,80.280322,13.055205,16.0
482761,5081452591,15694753@N00,10-2010,76.294727,9.822149,12.0
484008,11112124525,36859875@N00,11-2013,77.620124,9.645092,12.0
484809,13166621573,40323713@N00,03-2014,73.898161,15.326405,16.0
484972,7262138128,60297230@N03,02-2012,79.92765,24.850349,11.0
485788,8481869017,22991176@N02,02-2013,73.699035,24.61456,8.0
487215,8508277372,22991176@N02,02-2013,77.997436,27.252187,8.0
487221,4153694636,14948094@N00,09-2009,86.128778,19.933453,13.0
487236,8521866643,72746018@N00,01-2013,78.042105,27.173052,16.0
487384,6805738076,11170366@N05,05-2008,76.948671,8.509638,13.0
487822,2532212735,24661421@N02,11-2007,85.324856,27.672896,16.0
488999,4280511887,17155762@N00,06-2007,77.190756,28.524831,14.0
489995,11756669693,92455828@N00,01-2014,73.405327,26.974819,16.0
490066,9139878373,97809582@N04,05-2013,90.410339,23.779831,13.0
490737,2131289007,71401718@N00,11-2007,85.363984,27.722217,16.0
492854,2093880502,21255424@N07,11-2007,73.693885,24.579753,11.0
493171,382772049,37403827@N00,02-2007,73.688478,24.581314,12.0
493196,5392489292,12373974@N07,12-2010,78.042079,27.173138,16.0
493210,2532957578,24661421@N02,11-2007,85.286897,27.714714,16.0
493393,8687419079,99366248@N00,04-2013,72.823326,33.756868,16.0
494487,7401218572,61664791@N05,02-2012,75.809783,26.90615,9.0
495165,2243418653,28238346@N00,02-2008,77.582015,12.974951,11.0
495525,6246232814,68667966@N07,10-2011,77.43709,23.215357,14.0
495594,4386149120,31025097@N07,01-2010,83.147926,27.354307,16.0
495645,2093316725,21255424@N07,11-2007,82.554016,25.159579,9.0
495811,3410622229,11124467@N02,05-2008,78.409163,33.255183,16.0
496033,345548997,68222897@N00,01-2007,72.829722,18.974986,16.0
497494,6392522837,27326713@N02,06-2011,77.250183,28.593527,16.0
497700,135967418,80951737@N00,02-2006,73.031101,26.303572,12.0
497703,3929890471,11339074@N00,08-2009,90.401859,23.706309,12.0
497865,8478284057,22991176@N02,02-2013,73.580932,25.274503,7.0
498051,4343097092,44124286026@N01,01-2010,72.839999,19.01,16.0
498235,565144762,89044848@N00,01-2007,75.822497,26.926757,16.0
498240,6759570537,98816109@N00,12-2011,72.802534,18.956785,12.0
499426,8318032803,31518092@N04,12-2012,88.297891,22.557903,13.0
499507,2251990135,10383800@N08,12-2007,83.017673,25.321218,12.0
499730,7422574852,21308640@N00,06-2012,72.875877,19.07619,11.0
499880,2896546909,72155957@N00,09-2008,77.179491,28.530208,15.0
500927,246825695,91197080@N00,09-2006,73.00415,33.632915,6.0
501070,3332513243,32928755@N00,03-2009,78.0423,27.172922,16.0
501994,6893806695,80209127@N00,02-2012,77.227202,10.130072,16.0
502409,5427271105,66729335@N00,02-2011,72.831754,18.925286,16.0
502968,4454841930,42833030@N04,09-1987,84.979248,27.955591,6.0
503641,2519953583,97725124@N00,05-2008,75.776309,26.90018,12.0
503700,5353878064,90338469@N00,12-2010,83.012051,25.308377,14.0
504056,8200095350,17616316@N00,12-2011,79.83593,11.930508,16.0
504696,5880190196,40584328@N00,06-2011,77.583764,12.966608,16.0
504714,10075832226,67977633@N08,09-2013,77.36553,28.674011,16.0
505711,2076021675,72295842@N00,10-2007,76.45832,15.321687,12.0
507064,1671544260,9643247@N08,09-2007,92.449951,26.460738,6.0
507549,5790526345,8382111@N02,04-2011,85.317497,27.701999,11.0
507582,4024605211,14269353@N00,10-2009,77.695282,27.577061,10.0
508117,8666976664,31766086@N00,04-2013,78.401913,17.383255,16.0
508122,3400954273,11124467@N02,05-2008,75.614733,32.273722,16.0
508153,2234826310,37525222@N00,01-2008,78.042111,27.171887,14.0
508299,11081128615,8293801@N07,12-2012,82.986248,25.326891,16.0
508520,612698262,89044848@N00,07-2004,79.92897,24.852562,12.0
509084,2606587141,22490717@N02,11-2006,91.098632,29.652255,11.0
509501,1446487981,88188214@N00,02-2007,77.584762,12.946093,12.0
509672,3579529588,33747249@N06,05-2009,72.370697,34.0985,9.0
510418,5951007582,54818273@N00,07-2011,75.795364,26.899989,13.0
510975,8230224542,30222664@N00,11-2012,77.604535,12.980377,16.0
511699,5484682163,9643110@N08,11-2010,76.709289,10.005452,12.0
511864,5877455716,40584328@N00,06-2011,78.12601,11.682412,12.0
511967,3095360173,29795849@N00,09-2008,70.913872,26.91323,14.0
513404,6852559099,22213338@N06,02-2012,80.78971,7.87395,2.0
513772,2333480334,44124298927@N01,03-2008,80.246071,13.067334,14.0
513830,12197926344,57773506@N04,01-2014,85.361945,27.721267,16.0
513957,378977439,45275862@N00,01-2007,88.404386,22.51268,16.0
514806,5544146747,76225887@N00,03-2011,77.227229,28.631254,16.0
515128,3943706770,41287398@N02,09-2009,77.585449,13.004557,7.0
515317,465764973,24648752@N00,04-2007,72.83163,18.927899,16.0
517231,438646092,24112723@N00,03-2007,76.493199,9.626788,16.0
517429,4295051886,21508313@N06,12-2009,85.317497,27.701999,11.0
518640,2093943828,21255424@N07,11-2007,75.811157,26.919314,10.0
518999,6537982207,59275783@N04,11-2011,75.835189,26.91809,11.0
519765,4514681025,11841413@N08,03-2010,75.786094,26.912905,14.0
519873,307583323,11848452@N00,11-2006,83.899841,28.553163,8.0
520189,8026023296,50979393@N00,09-2012,89.358455,27.488394,16.0
520755,6013768667,53240306@N07,02-2011,69.1755,34.53533,16.0
522397,5876452671,40584328@N00,06-2011,75.910205,12.384269,12.0
523404,6950272751,69448853@N00,05-2008,91.869735,24.903876,10.0
523490,6125029112,11734179@N04,08-2011,77.036132,28.777289,5.0
523844,2498588807,21375717@N00,05-2008,75.593748,31.29124,12.0
524773,5715976814,25869855@N04,04-2011,78.0219,27.178761,16.0
527336,6270144390,25095063@N04,09-2011,73.911716,15.501955,16.0
527425,7124193919,9288799@N02,12-2011,79.922166,24.852333,16.0
527536,146093544,54304913@N00,05-2006,77.584848,12.949188,13.0
527545,6828523433,7729354@N08,01-2012,77.383747,28.623404,13.0
529049,3394918863,11124467@N02,06-2008,88.278622,27.347502,16.0
530532,5351647938,48587703@N00,01-2011,72.927289,22.554296,14.0
531803,2891847518,72787861@N00,09-2008,69.163055,34.530318,10.0
532214,1150324026,96901169@N00,08-2007,77.800197,11.777292,12.0
533032,5517066733,37850683@N04,03-2011,78.153133,29.932771,12.0
533277,220015660,14417999@N00,06-2003,89.640197,27.293689,7.0
534592,2215173876,22490717@N02,10-2007,83.019561,25.326649,10.0
536292,5111586393,32427726@N00,05-2009,85.056152,27.868216,5.0
538324,474636035,17754816@N00,04-2007,88.348617,22.556001,11.0
540124,622360701,89044848@N00,07-2004,77.18551,28.524312,16.0
542026,3405611393,11124467@N02,05-2008,76.766161,34.284352,16.0
542645,5107612221,16056465@N00,07-2009,76.965163,10.373322,16.0
543759,3790176310,8975852@N06,07-2009,78.042079,27.174922,16.0
544372,2218768395,25897810@N00,01-2008,78.008594,27.191433,12.0
544400,5741791497,37850683@N04,05-2011,77.19405,28.558327,16.0
544518,5923131015,89723132@N00,06-2011,76.654358,12.30713,16.0
544964,1517693128,48889048097@N01,01-1980,80.270286,13.020901,16.0
545658,5921238606,44682037@N05,07-2011,77.62197,12.987738,14.0
546077,8493471350,22991176@N02,02-2013,74.577941,26.547994,9.0
546711,39920642,65346936@N00,07-2005,73.015136,26.298339,8.0
547219,8556315305,22991176@N02,03-2013,85.319137,27.682311,10.0
547350,5419828617,25762759@N05,02-2011,82.983333,25.316666,16.0
549239,293229671,92306238@N00,11-2006,77.586865,12.950443,14.0
549838,3606832973,22828985@N08,03-2009,79.694824,12.860004,7.0
550193,5861713019,45372714@N07,12-2008,79.315795,9.289514,12.0
552319,3394558559,11124467@N02,06-2008,88.320511,27.12505,16.0
552927,3386611959,11124467@N02,05-2008,75.322083,31.956525,16.0
552984,2109253411,65918756@N00,03-2005,83.003768,25.236,10.0
553101,660920099,9048212@N08,05-2007,91.099147,29.651062,12.0
554052,6563906477,92352922@N00,12-2011,78.042111,27.173281,16.0
554779,8542414520,8796403@N06,02-2013,75.636577,25.445996,14.0
555301,8550607622,22991176@N02,03-2013,85.423507,27.690216,10.0
555637,550348378,89044848@N00,12-2006,79.92897,24.852562,12.0
555748,4833713678,58875741@N00,07-2010,77.527772,8.248697,16.0
555940,5771144191,90394928@N00,05-2011,72.961063,18.32601,12.0
558230,4507654406,60955494@N00,12-2009,82.994842,25.33813,11.0
559362,2158063772,8616953@N04,12-2008,73.838939,18.5282,12.0
560650,4394570853,7729354@N08,02-2010,77.38306,28.621822,12.0
560887,6780534161,59318060@N04,01-2012,74.422931,34.059424,11.0
561191,4335000506,99366248@N00,02-2010,73.389015,33.911739,11.0
563013,5283022645,47244420@N04,12-2010,81.775274,17.005492,12.0
563737,5366092071,48587703@N00,01-2011,73.688049,21.857037,11.0
564491,2157916568,8616953@N04,12-2008,78.009796,27.17601,12.0
565146,480998741,24711978@N00,04-2007,78.07537,30.453927,12.0
565212,5477269963,29529709@N05,04-2010,73.087856,33.702626,16.0
565316,4466745469,9532859@N02,03-2010,75.854587,26.990924,13.0
565413,2215626068,22490717@N02,10-2007,75.797424,26.922069,8.0
566580,9421804316,77173826@N08,05-2013,69.159064,34.528197,14.0
567101,1389850843,96436565@N00,09-2007,91.116743,29.658297,12.0
567411,6313213729,51668926@N00,04-2000,77.230796,28.640731,13.0
567764,2265132222,10383800@N08,12-2007,78.042068,27.175094,14.0
568341,9241420104,8250978@N04,02-2013,74.549858,26.48893,16.0
569854,8237859665,30703260@N08,12-2012,74.039096,14.987239,13.0
570161,4342695091,60955494@N00,12-2009,82.994842,25.33813,11.0
570551,6742253709,51956624@N07,01-2012,77.209339,28.57412,12.0
570946,6269489667,25095063@N04,09-2011,73.773677,15.491972,16.0
571597,197133500,37706524@N00,06-2006,78.930416,30.980479,12.0
572327,3788243536,22098403@N00,07-2009,76.650581,12.310234,12.0
572427,2439390086,25036906@N02,04-2008,76.426477,9.540404,13.0
572454,4489274298,40129030@N00,01-2009,77.591596,12.979154,16.0
573801,617613610,89044848@N00,07-2004,78.042969,27.174846,15.0
576591,261411746,58812071@N00,12-2005,77.145309,9.526691,12.0
577312,13565533795,46273880@N00,03-2014,72.893936,18.611211,16.0
577614,5961531818,37850683@N04,07-2011,79.602298,29.784939,12.0
579031,7789405686,48279789@N00,08-2012,77.747282,12.959712,16.0
579231,2048989475,71401718@N00,11-2007,85.361924,27.721467,16.0
579988,5037978159,24574470@N00,09-2010,73.939447,18.499633,13.0
580170,12922175453,29780116@N03,02-2014,77.205982,28.607156,16.0
580986,9197812376,8250978@N04,01-2013,78.043061,27.169088,16.0
582133,224456118,89324753@N00,08-2006,77.582702,12.996529,8.0
583513,9204929380,8250978@N04,01-2013,75.813827,26.925558,16.0
583722,4570966465,25588248@N00,04-2010,73.018356,26.298027,16.0
583793,6420591683,64449147@N00,11-2010,88.341064,22.532219,10.0
585391,8491979500,26621269@N00,10-2012,85.095855,27.744858,16.0
586779,3222290430,26124666@N00,01-2009,73.825893,15.495122,13.0
586996,14003507854,8796403@N06,03-2014,75.326211,11.902544,16.0
587016,14018349542,72746018@N00,03-2014,79.694974,11.399726,16.0
587242,5454508222,71493854@N00,02-2011,90.399906,23.712085,14.0
588303,2186347549,60655620@N00,01-2008,76.223487,11.934539,11.0
588466,2079053066,25764928@N00,05-2007,76.60921,10.56165,12.0
588608,1631586464,68192311@N00,11-2006,74.879894,31.631606,12.0
590401,2093912938,21255424@N07,10-2007,89.615478,28.896235,12.0
590584,6372700191,69986813@N06,02-2003,73.66333,24.811667,6.0
590803,876369206,24648752@N00,01-2006,73.276576,19.02861,12.0
590908,9553965937,27526538@N07,08-2013,77.602666,13.051833,16.0
591330,261433716,49175464@N00,07-2006,72.608642,23.314513,7.0
591453,5880130952,40584328@N00,06-2011,77.622656,12.986723,14.0
592054,553121234,89044848@N00,12-2006,79.92897,24.852562,12.0
593675,7015125907,8492837@N02,12-2010,69.260651,34.936989,16.0
593887,4399917736,33565899@N00,01-2010,72.57843,23.03677,9.0
594786,481698610,23827537@N00,05-2007,77.318644,28.580018,15.0
594996,8354577792,7252160@N04,12-2012,74.600601,14.613817,11.0
598319,8617413338,66037669@N00,03-2013,76.366652,9.49715,16.0
599649,8664054617,97235261@N00,04-2013,76.988319,28.4605,13.0
601425,374514005,12498350@N00,01-2007,86.662902,27.518015,7.0
602885,8165973271,15237218@N00,11-2012,77.03,28.47,16.0
603884,4505523300,39378532@N06,09-2009,78.029537,30.332879,12.0
605110,5814871282,58255533@N03,06-2011,78.483333,9.866666,16.0
606629,201826821,29465723@N00,07-2006,73.684272,24.575772,12.0
607013,3154622154,11904526@N00,12-2008,76.242038,9.968285,16.0
607944,9610165300,97490011@N06,08-2013,83.015413,25.318011,11.0
608522,516407120,68222897@N00,09-2004,77.199361,34.037072,16.0
608893,157120394,22056394@N00,05-2006,77.173461,32.271458,10.0
609724,6093249200,56766281@N00,08-2011,79.337339,13.690049,12.0
609994,8559143733,11980515@N03,02-2013,81.88683,25.436282,15.0
610412,4762287490,72671243@N00,07-2010,90.588455,29.252256,10.0
611290,12196484215,101709991@N06,12-2013,79.026952,12.209458,16.0
612219,4655311570,34956641@N03,05-2010,69.189233,34.522893,12.0
612888,6254609845,58255533@N03,10-2011,75.383333,25.75,16.0
613086,9418993893,37313707@N00,08-2013,84.884575,22.260722,16.0
613825,5447641216,37850683@N04,02-2011,77.191679,28.523389,16.0
613847,8134293037,44345361@N06,10-2012,76.472381,15.32345,11.0
614009,5137683749,12123300@N04,12-2008,88.176527,26.89375,12.0
614943,6175721684,53628484@N00,09-2011,77.621833,12.9735,16.0
615693,6002398349,81498457@N00,10-2010,85.349207,27.708331,16.0
616524,2515333147,46052482@N00,04-2007,86.797485,27.877928,9.0
616533,5128150053,50725098@N08,09-2010,76.356277,10.120719,9.0
616839,8174403856,80373436@N00,10-2012,75.850563,26.986738,16.0
617728,8347076169,45467970@N00,01-2013,73.683612,24.576786,16.0
617760,12938809634,44124380238@N01,03-2014,72.8245,19.042316,16.0
620867,447240592,91314344@N00,03-2007,72.798864,18.958347,16.0
621415,4723034265,10369773@N03,06-2010,79.535888,29.235599,11.0
621693,179064520,61346819@N00,07-2006,76.953735,11.007252,8.0
626488,8355360833,28051303@N05,12-2012,76.454029,26.023159,12.0
626931,2155234446,39136124@N00,11-2007,77.487258,27.216777,12.0
628137,6700792347,74821492@N00,01-2012,78.474097,17.362476,16.0
629493,2371802205,49139675@N00,03-2008,91.86922,24.905355,12.0
629687,2779733049,44124455505@N01,07-2008,77.165565,32.235963,12.0
630215,5621951913,36813143@N08,11-2005,77.156467,32.215996,12.0
630650,5735573573,25869855@N04,04-2011,77.243305,28.656169,16.0
631834,272219829,11848452@N00,10-2006,72.818241,18.960925,12.0
632528,5923133535,89723132@N00,06-2011,76.654358,12.30713,16.0
633978,4510563502,60955494@N00,01-2010,82.994842,25.33813,11.0
634172,2124608316,90417577@N00,08-2007,74.8526,34.10953,9.0
634684,2217770613,16874065@N00,01-2008,77.662353,27.106811,9.0
634933,4691805577,57419996@N00,05-2010,72.722539,24.60939,15.0
634987,6298307637,10747684@N00,10-2011,75.824166,26.925,16.0
635162,366127415,95674706@N00,10-2006,79.615302,17.956015,16.0
635230,8667075140,31766086@N00,04-2013,78.401913,17.383255,16.0
638922,9587483763,60655620@N00,08-2013,75.061683,14.219459,11.0
639042,497675144,56796376@N00,04-2007,86.773954,27.941491,16.0
640167,3082340330,90417577@N00,03-2008,80.185089,12.622247,9.0
641384,8609674800,57204181@N08,03-2013,77.129666,31.122833,16.0
641492,4737080682,25762759@N05,06-2010,90.739345,14.554591,16.0
641727,11059425525,97725124@N00,11-2013,74.876002,31.621222,16.0
643440,5257686522,34663048@N00,12-2010,73.918762,15.257937,12.0
643844,8367809569,49253583@N02,12-2012,76.371459,26.199805,16.0
643992,6491295519,95726175@N00,12-2011,72.8495,19.218667,16.0
646058,517713924,91314344@N00,05-2007,73.477335,18.721048,16.0
646987,11059603956,97725124@N00,11-2013,74.876944,31.619444,16.0
647219,3388230021,7513474@N08,03-2009,72.374768,23.13148,11.0
647274,203622984,13143455@N00,07-2006,77.167968,28.642389,5.0
647464,3173273330,27207517@N08,01-2009,76.461067,15.335511,13.0
648269,4589607039,46274484@N07,04-2010,77.074584,28.666491,7.0
648595,2308097621,42389268@N00,12-2006,73.802204,15.577486,12.0
649812,7539040084,8796403@N06,05-1995,74.554499,26.4885,16.0
650677,4486156401,34956641@N03,04-2010,69.262447,34.506839,11.0
651540,2352779281,10606497@N06,11-2006,76.871337,31.793555,6.0
651602,5984314456,34663048@N00,07-2011,77.207107,28.507315,11.0
651616,4651430671,34956641@N03,05-2010,69.185886,34.466513,11.0
651627,5243369517,81223571@N00,10-2010,85.313901,27.710886,13.0
652013,583970368,48889048097@N01,07-2005,77.671988,12.967946,15.0
652471,227670669,45275862@N00,07-2003,77.249422,28.599594,12.0
652482,8480026963,22991176@N02,02-2013,73.699035,24.61456,8.0
653438,197553793,48261733@N00,07-2006,77.219467,28.633048,12.0
653590,6874916691,63709829@N00,12-2011,85.306116,27.703963,16.0
654527,12310390745,101709991@N06,12-2013,77.517719,27.190044,16.0
654845,7526896364,28650594@N03,06-2012,67.678939,33.93045,2.0
656711,2941826231,60444977@N00,09-2008,77.212783,28.628433,16.0
657508,4527369672,9381661@N06,08-2009,90.582618,29.252256,10.0
657784,4002420080,17118606@N00,10-2009,77.243242,28.609729,16.0
658719,3640754310,84609891@N00,06-2009,77.287852,30.137723,14.0
660209,368409980,25028352@N00,01-2007,73.752937,15.522663,12.0
660336,4527292312,40129030@N00,04-2010,77.648642,12.960366,15.0
661156,3247203302,17118606@N00,01-2009,76.447291,15.33429,15.0
661484,13302539174,8180997@N07,03-2014,76.976572,8.388285,16.0
662042,6462529859,58608377@N00,11-2011,77.238435,28.660918,12.0
663078,6325466258,28552823@N02,10-2011,77.184448,28.641183,8.0
664376,12241362366,10297667@N06,10-2009,78.031027,27.192816,16.0
664725,1782444549,21375717@N00,10-2007,75.578899,31.331132,12.0
664727,4659032695,34956641@N03,06-2010,69.2276,34.535975,7.0
664781,6729861777,44345361@N06,01-2012,78.029983,10.053549,11.0
665421,6298062215,67811528@N06,10-2011,77.535066,13.035289,15.0
665529,3536133746,95726175@N00,05-2009,88.349304,22.562025,9.0
666133,2263854143,75383240@N00,02-2008,78.721847,10.804979,12.0
666134,5310661927,31106556@N00,12-2010,77.668168,27.09729,14.0
667748,244005450,48889048097@N01,09-2006,78.161201,11.657027,12.0
669207,275266776,48013827@N00,09-2006,75.813217,26.929645,12.0
669550,2906169705,22391360@N00,10-2008,77.593688,12.995191,8.0
671842,7530690158,8796403@N06,11-2008,78.174515,29.964184,16.0
671921,465378969,7763540@N05,03-2005,85.315017,27.705947,12.0
672893,4332113828,25095063@N04,02-2010,77.209444,28.536944,16.0
672974,5107059697,25095063@N04,10-2010,72.831388,18.921958,16.0
674556,4077772905,43918153@N07,11-2008,79.848289,12.563402,13.0
674717,4046363718,68222897@N00,10-2009,77.199297,32.083077,16.0
674964,5360033778,48587703@N00,01-2011,73.189544,22.597529,10.0
675333,7790808362,40994485@N04,08-2012,67.678939,33.93045,2.0
675629,2600838768,62633444@N00,12-2007,77.893066,13.841991,5.0
676092,7015104875,8492837@N02,08-2010,69.260651,34.936989,16.0
676312,4329411525,25824202@N02,12-2009,73.734827,15.599973,13.0
677573,10270917983,105056178@N03,06-2011,83.05664,28.921631,3.0
678337,3432672551,36986477@N05,06-2007,72.809674,18.960844,16.0
678980,8141899893,46273880@N00,11-2006,88.52955,22.605136,16.0
679702,12208808253,10297667@N06,10-2009,79.921622,24.852152,16.0
680185,4514220566,60955494@N00,01-2010,82.994842,25.33813,11.0
680809,3637865667,22828985@N08,03-2009,78.652496,10.875116,9.0
681213,11746608766,113353244@N05,12-2013,76.652555,12.308557,13.0
681646,450505863,67793730@N00,05-2006,88.491439,27.32511,10.0
684244,5896661775,63763292@N03,07-2010,77.09866,28.556933,13.0
684889,5846150562,49406107@N04,05-2011,81.026916,23.698607,16.0
684947,8345987186,49694447@N00,12-2012,78.205711,11.77322,11.0
685072,10145443324,8250978@N04,03-2013,68.776763,23.825144,16.0
685330,2150595969,11631880@N00,12-2007,77.57369,13.036397,16.0
686919,11661384365,71594384@N00,11-2013,85.314086,27.715958,16.0
687177,7808918670,86054849@N00,08-2012,80.270417,12.995105,16.0
687560,6101200347,27326713@N02,06-2011,78.041778,27.175123,16.0
689125,407693834,17144160@N00,01-2007,72.811868,18.954999,14.0
689830,2068682733,46653666@N00,12-2006,76.246833,10.038837,12.0
689952,3394878112,26557761@N00,03-2009,77.735352,28.979875,16.0
690058,279636429,76281529@N00,10-2006,77.124023,28.594168,7.0
690532,516629241,67793730@N00,05-2007,81.898269,25.414361,12.0
691475,2978756314,56118505@N00,10-2008,74.8467,34.1027,16.0
692649,3545541810,53555696@N00,01-1980,73.018054,26.297493,12.0
692849,3127665722,27207517@N08,12-2008,73.680839,24.57866,12.0
693545,7061075265,7183730@N06,04-2012,85.306,27.703833,16.0
693597,5715437791,25869855@N04,04-2011,78.0219,27.178761,16.0
693760,5460887920,64565252@N00,02-2011,80.718526,7.934285,12.0
695075,6481716493,59049593@N03,12-2011,79.886398,8.947479,10.0
695352,10358343216,8540256@N08,12-2012,83.010206,25.308338,13.0
696061,7159315217,45192101@N04,06-2012,85.317497,27.701999,8.0
696195,8570065917,55227776@N04,06-2012,85.08306,25.992265,14.0
697428,3735679003,21589235@N06,02-2008,85.346229,27.71245,13.0
698049,8137195978,34804966@N03,10-2012,90.407309,23.706898,14.0
700055,5219814107,22592913@N08,11-2010,76.266875,9.983664,14.0
700431,6283489420,95787610@N00,10-2011,85.314331,27.706023,11.0
701536,12081468035,113353244@N05,12-2013,76.652555,12.308557,13.0
702085,7757118852,16069488@N00,07-2012,77.634758,13.174182,16.0
702991,596027978,89044848@N00,07-2004,75.990886,13.212874,12.0
703266,1520801660,21375717@N00,10-2007,75.593748,31.29124,12.0
703399,8520017975,12078789@N00,03-2013,77.236538,28.656051,16.0
703777,9142140845,98128595@N08,06-2011,88.469009,27.595731,10.0
704989,2233890895,37525222@N00,01-2008,76.364593,9.529654,9.0
704993,2588080868,31477369@N00,06-2008,72.820515,18.927133,15.0
706216,2473518221,17891682@N02,05-2008,88.347072,22.644432,12.0
707519,6600853541,67901339@N02,12-2011,79.704265,12.839418,11.0
707525,553884671,89044848@N00,12-2006,79.92897,24.852562,12.0
710286,3280851999,15470975@N03,09-2008,91.977539,33.568861,5.0
711320,4253603332,45341536@N05,12-2009,76.552734,11.296934,8.0
711992,12435898784,92434067@N00,02-2014,84.494904,27.577098,16.0
712075,6253900958,84292292@N00,10-2011,76.353085,32.267786,16.0
712428,289418667,95674706@N00,10-2006,80.251328,13.052242,16.0
712762,8556096189,36859875@N00,03-2013,78.042,27.174333,16.0
714652,6051920296,37850683@N04,08-2011,73.333139,28.026303,13.0
715526,595473678,89044848@N00,07-2004,75.990886,13.212874,12.0
716211,3465081498,24776728@N08,05-2007,73.900909,18.547975,11.0
716777,3603937221,73751604@N00,05-2009,80.247841,13.045903,16.0
717401,1443461762,21375717@N00,05-2007,75.587654,31.325413,12.0
717651,8470166292,98516017@N00,12-2012,83.387147,17.780386,16.0
718993,13131632,17893695@N00,05-2005,80.195388,12.620321,12.0
719158,8453865046,33545812@N00,01-2013,75.851219,26.984238,16.0
719351,1264805898,12210096@N03,02-2004,67.763671,33.706062,4.0
719863,3965007203,55166810@N00,09-2009,80.266467,13.000026,16.0
720114,5541967197,14092742@N00,03-2011,78.364512,17.503242,16.0
721346,5986544265,45192101@N04,07-2011,73.075912,33.709838,11.0
722009,8519422658,22991176@N02,02-2013,82.946777,25.458154,7.0
723156,3607440616,22828985@N08,03-2009,80.200195,13.11693,6.0
723168,9763185254,39267804@N05,01-2011,91.5085,29.323333,16.0
725462,4510157698,60955494@N00,01-2010,82.994842,25.33813,11.0
725727,1523984742,93904837@N00,05-2006,76.981887,9.830015,11.0
726138,5403719971,17095965@N05,01-2011,77.994453,27.183799,11.0
726203,3356748998,56495646@N00,03-2009,88.369216,22.5365,11.0
726672,88937416,57155801@N00,01-2006,77.611198,12.973524,16.0
727277,12456819934,59407447@N06,02-2014,77.638009,12.963691,16.0
727646,611539650,89044848@N00,07-2004,78.647539,25.350483,15.0
727889,5622551170,36813143@N08,11-2005,77.156467,32.215996,12.0
727939,661080317,9048212@N08,05-2007,91.099147,29.651062,12.0
728306,3310518873,28296578@N00,02-2009,72.834214,18.922631,13.0
728637,4603685200,56766281@N00,05-2010,77.332162,32.033861,12.0
729325,3458035819,24776728@N08,08-2008,79.616546,30.638798,11.0
729418,781708447,28747587@N00,02-2006,76.427421,9.558686,12.0
729487,382851139,37403827@N00,01-2007,70.142555,27.518928,10.0
729601,9112150831,97759469@N05,06-2013,72.833862,19.056925,8.0
729716,8371006936,49253583@N02,12-2012,70.921125,26.909021,16.0
730203,9336430827,73904611@N03,07-2013,77.576522,12.980471,10.0
730303,4300566436,25824202@N02,11-2009,74.146728,14.822681,7.0
731030,6282814031,95787610@N00,10-2011,82.987976,28.039864,10.0
732449,4138225343,55104877@N00,08-2009,78.024215,26.450902,12.0
733206,3702196501,72155957@N00,06-2009,77.187763,28.518621,16.0
733475,2266660971,48522238@N00,01-2008,80.04261,29.725476,13.0
734173,503490295,91314344@N00,05-2007,74.856082,12.885828,16.0
737286,5427232509,45692156@N05,02-2011,91.738672,26.18677,14.0
737643,135464112,72012121@N00,04-2006,73.919105,15.248166,12.0
737712,183993081,21375717@N00,07-2006,75.589885,31.295274,12.0
738226,10089891275,8250978@N04,03-2013,69.670572,23.249516,16.0
738256,6933569627,49235175@N02,12-2010,75.851384,26.984447,16.0
738957,5721999133,92496717@N00,04-2011,75.824584,26.942922,16.0
739923,7126417443,9288799@N02,12-2011,79.921666,24.852,16.0
740542,4274281984,21375717@N00,01-2010,75.590555,31.296111,16.0
740762,3121962715,29795849@N00,09-2008,71.91616,27.005837,12.0
741075,12568155294,37313707@N00,02-2014,84.870372,22.244841,16.0
741335,8337691120,85266958@N07,01-2013,72.875877,19.07619,11.0
741363,455269734,98541816@N00,04-2007,77.219123,28.597484,12.0
741583,10136199785,57673737@N00,09-2013,86.571886,25.508605,16.0
741850,8877136790,85438082@N07,07-2008,74.583435,31.618304,8.0
742138,2563915097,60655620@N00,06-2008,76.473641,15.31403,15.0
742827,9153061912,84013956@N00,06-2013,88.342613,22.545452,16.0
742978,4579628843,55931052@N00,03-2010,90.027465,22.593488,12.0
743495,11060796623,77179348@N00,11-2013,77.613333,12.96663,16.0
744285,6621348965,74821492@N00,01-2012,78.164246,29.94569,16.0
744901,374805923,24086895@N00,09-2006,80.035927,24.921272,16.0
745100,6992737446,52975560@N08,04-2012,77.501163,27.261649,12.0
746096,226323106,63869057@N00,08-2006,77.556266,12.971103,11.0
746678,1754042785,36804154@N00,10-2007,78.484783,17.408222,12.0
746964,4748697171,21815205@N00,02-2010,78.325159,17.45453,15.0
747406,8469734389,8796403@N06,02-2013,81.899471,25.44579,12.0
748085,4213013804,32012820@N06,11-2009,73.124313,19.23158,13.0
749569,4715659613,14584356@N08,06-2010,86.088781,28.365599,12.0
750552,9549319140,27526538@N07,08-2013,77.602666,13.051833,16.0
754069,382852425,37403827@N00,01-2007,70.142555,27.518928,10.0
755112,5066728579,49684089@N02,10-2010,86.78461,27.854525,12.0
755323,8121530149,33584755@N00,10-2012,85.341174,27.774354,15.0
755971,5352325548,34663048@N00,01-2011,77.211914,28.583014,11.0
756417,4652083660,34956641@N03,05-2010,69.185886,34.466513,11.0
757005,3358074376,21761122@N06,02-2009,76.657791,12.292036,10.0
757429,3269246918,14669743@N00,02-2009,77.198095,28.616868,15.0
758242,1583424445,41819939@N00,01-2003,79.924335,24.854509,12.0
761371,2345550892,19769914@N00,03-2008,74.297618,31.568736,13.0
762598,5715408285,25869855@N04,04-2011,78.0219,27.178761,16.0
762962,2371054669,43546466@N00,03-2008,83.006258,25.294269,16.0
764521,829274771,96367952@N00,06-2007,88.870777,29.268527,16.0
764599,5485499354,50231560@N00,12-2010,73.949317,15.152997,12.0
765670,5448973504,24876420@N07,02-2011,77.232749,28.656323,15.0
766101,370811647,61009686@N00,05-2005,81.274795,31.042639,12.0
766188,3225181408,70016893@N00,01-2009,72.834499,19.1894,16.0
766595,35415121,21424326@N00,06-2005,73.019514,26.290567,12.0
767036,197546949,48261733@N00,07-2006,76.329917,9.500958,12.0
767315,4035381484,60955494@N00,10-2009,78.303165,30.118774,12.0
767334,6325485702,28552823@N02,10-2011,77.184448,28.641183,8.0
767529,3285937907,21375717@N00,02-2009,75.584116,31.343172,16.0
767575,1772521407,51162085@N00,10-2007,92.296357,20.874932,13.0
768521,5382444518,48587703@N00,01-2011,73.838081,23.289603,12.0
769694,13439794144,30979614@N07,03-2014,73.788933,18.531219,16.0
769795,4334893476,99366248@N00,02-2010,73.337688,33.883812,12.0
769809,3003259747,29795849@N00,09-2008,73.014321,26.287566,15.0
770556,4077680217,76738132@N00,11-2009,83.776144,28.390316,16.0
770745,2533459339,24661421@N02,11-2007,85.327581,27.669209,16.0
770847,2933779854,72913900@N00,10-2008,76.696629,12.419917,14.0
770970,5575188002,56017663@N03,03-2011,79.133663,10.772012,13.0
771882,3766594856,8097809@N02,06-2009,77.565708,12.801841,12.0
772408,4445932996,13320526@N05,03-2010,72.903921,19.135488,15.0
773735,2998562739,48889048097@N01,10-2008,77.672266,12.967496,16.0
774323,70548020,12736226@N00,11-2005,75.098075,12.268386,12.0
774737,2623252661,10588069@N00,02-2008,77.605748,12.985259,16.0
774829,4239081205,40139899@N06,01-2008,92.231168,21.078653,12.0
775980,3766457958,8097809@N02,06-2009,77.565708,12.801841,12.0
776358,5094990831,25095063@N04,10-2010,72.910255,19.116644,16.0
777022,6835454593,8638355@N06,02-2012,88.376941,22.644848,15.0
777313,6099958517,40994485@N04,08-2011,69.136749,34.53091,11.0
777870,6713637165,84292292@N00,11-2011,79.799929,12.006912,16.0
777941,4042555802,8767123@N06,10-2009,77.22496,28.63531,16.0
780070,3203991514,21623815@N03,06-2008,86.482521,25.572731,16.0
780556,10683585166,8250978@N04,05-2013,76.83548,34.298775,16.0
781236,8332611833,45980928@N07,12-2012,80.759667,7.9575,16.0
782331,10358333636,8540256@N08,12-2012,83.010206,25.308338,13.0
782332,4513867768,89743353@N00,04-2010,77.546997,12.831887,10.0
782445,8083778983,46107759@N03,08-2012,88.130028,22.668927,15.0
782516,4078063584,28650594@N03,11-2009,70.85897,34.63417,11.0
783389,351713657,52082843@N00,02-1997,78.840293,9.365062,11.0
783710,49329753,75101938@N00,10-2005,82.982482,25.339061,7.0
783864,3394688637,11124467@N02,06-2008,88.184922,27.304494,16.0
784688,5517039003,37850683@N04,03-2011,78.153133,29.932771,12.0
784691,13111082074,8971853@N08,03-2014,70.91458,26.912407,15.0
785263,7381399728,53628484@N00,06-2012,77.191,12.6495,16.0
786139,2525331690,46052482@N00,06-2007,91.116828,29.657476,12.0
787905,5923741958,89723132@N00,06-2011,76.881827,12.275747,16.0
788421,2154437591,39136124@N00,11-2007,77.487258,27.216777,12.0
788472,227673763,45275862@N00,07-2003,77.233371,28.653838,11.0
789056,8419839494,23775251@N06,12-2012,78.4238,17.42886,15.0
789516,345525797,68222897@N00,01-2007,77.06095,10.084611,16.0
790026,5361242174,90338469@N00,01-2011,78.647603,25.350929,13.0
791041,7865384022,74821492@N00,08-2012,80.24958,13.060422,16.0
791201,4143985828,72155957@N00,07-2009,77.226033,28.654332,15.0
791591,4931814111,10392797@N03,08-2010,90.586395,29.195028,10.0
791877,8085792182,39489503@N00,10-2012,85.662327,27.743808,16.0
791927,4265260127,69554611@N00,12-2009,76.827392,9.575529,11.0
792493,170516537,44124289589@N01,06-2006,90.411987,23.742611,7.0
792618,4128754683,36443687@N00,10-2009,85.290399,27.714791,16.0
792783,5288069841,49809164@N05,11-2010,78.041735,27.174059,16.0
793333,6853120385,76413978@N08,02-2011,80.870361,29.064572,8.0
794270,3701104159,72155957@N00,06-2009,77.184748,28.514916,16.0
794412,3037402906,15237218@N00,11-2008,77.170854,28.595054,16.0
794651,367232407,37403827@N00,01-2007,77.214145,28.669277,12.0
796148,842375145,28747587@N00,05-2007,76.444931,15.261994,12.0
796649,8629253373,12810816@N08,02-2013,85.359,27.720499,16.0
796743,3184939574,11904526@N00,12-2008,76.259847,9.956703,16.0
796900,2440950482,63709829@N00,10-2007,80.189527,12.608833,16.0
798034,5477592088,55227776@N04,02-2011,75.492,30.9766,16.0
798671,8472283587,22991176@N02,02-2013,72.8833,26.470573,6.0
798685,5660823278,37850683@N04,04-2011,78.202142,26.203136,16.0
801145,4509876757,41176276@N00,04-2010,75.80767,26.901673,15.0
801153,3275351855,80201798@N00,01-2008,83.007717,25.309929,13.0
802128,8456408705,22991176@N02,02-2013,76.970214,29.13297,5.0
802258,3061741766,32466773@N03,12-2007,73.862435,15.370149,15.0
802836,2282174170,51268340@N00,02-2008,90.386924,23.70065,12.0
804695,187386490,30835617@N00,07-2006,83.323059,17.717947,16.0
805023,5183925976,24499854@N08,10-2010,75.832561,22.677723,16.0
806364,9219590318,17046628@N08,05-2013,72.816666,19.0125,16.0
807277,2938077850,48889048097@N01,10-2008,78.671207,10.777367,13.0
808513,6317570414,12373974@N07,12-2010,84.97619,24.693805,16.0
808543,2630094743,15271731@N00,06-2008,76.906013,9.692136,12.0
808814,8591459519,37313707@N00,03-2013,84.855897,22.254877,16.0
809187,6925237125,32662631@N00,02-2012,77.811333,14.166333,16.0
811737,801521982,28747587@N00,09-2006,73.672599,17.917901,12.0
812750,566384523,86818962@N00,06-2007,88.481912,27.075558,12.0
813710,3964421799,94513668@N00,09-2009,80.27328,13.036376,16.0
814112,5579893335,50231560@N00,01-2011,73.660926,17.932355,11.0
815043,4221397419,14948094@N00,09-2009,86.128778,19.933453,13.0
815315,5640061934,37850683@N04,04-2011,77.238972,28.60875,15.0
815410,4092680316,76738132@N00,11-2009,85.353094,27.71135,16.0
815859,6753569585,30582479@N08,04-2011,90.174919,27.454713,16.0
816462,5709586813,56707737@N00,10-2010,84.704092,28.57316,16.0
816465,1630489653,68192311@N00,11-2006,74.879894,31.631606,12.0
816981,11295952894,110023887@N03,11-2013,84.05403,28.674788,16.0
819423,3277095354,21375717@N00,12-2008,76.811299,30.722358,13.0
820068,7527126778,8796403@N06,10-2008,77.199997,28.6,16.0
820097,4440811618,38330543@N06,03-2010,85.822792,19.82065,11.0
820539,2760622577,16366828@N07,08-2007,85.113573,30.614572,12.0
821732,5363121787,27526538@N07,01-2011,77.509746,12.831343,14.0
822012,368009840,35078881@N00,01-2007,83.015527,25.318735,12.0
822828,3801375646,42681801@N00,03-2007,75.14878,28.05282,11.0
822922,13190583823,98499408@N07,10-2012,76.519988,9.02308,16.0
823321,10146321714,46927390@N00,09-2013,76.881402,12.275772,16.0
824254,6627573097,51668926@N00,03-2000,78.313808,30.122189,13.0
825020,8387991542,53456098@N06,01-2013,77.234745,28.645703,13.0
825631,537929029,54494252@N00,05-2007,77.569908,12.942183,16.0
826549,8632090812,28621876@N08,10-2012,84.127769,28.39475,2.0
827202,8757226890,7956695@N03,05-2013,77.62816,12.930628,16.0
827311,4288343036,97235261@N00,06-2009,77.244272,28.589232,13.0
827693,8084951121,39489503@N00,10-2012,83.959313,28.190136,16.0
827918,4261880542,21375717@N00,12-2009,75.590555,31.296666,16.0
828051,2590187631,71729157@N00,11-2007,90.31311,27.549676,7.0
828090,4976533698,41867033@N00,09-2010,72.875877,19.07619,9.0
828190,6088548084,25152220@N00,08-2011,77.600845,12.894205,16.0
828205,6852935725,76413978@N08,08-2010,80.870361,29.064572,8.0
828234,5249598540,7155605@N03,02-2008,72.355957,27.254629,5.0
828398,4735360572,78305168@N00,05-2010,77.661151,12.849879,12.0
829559,6162917029,65638600@N05,10-2009,89.699764,27.480062,13.0
829599,3549274814,72155957@N00,04-2009,77.188525,28.566047,16.0
830108,9102104247,16056465@N00,07-2009,76.610955,15.266597,16.0
830674,2109900492,65918756@N00,03-2005,83.024711,25.326959,11.0
831124,2957451489,58615301@N00,03-2008,77.54837,8.083534,13.0
832757,4670201818,74894751@N00,05-2010,84.039744,28.645147,16.0
833342,2213946982,63709829@N00,09-2007,73.685972,24.603,16.0
833982,2374539108,94056408@N00,03-2008,77.21878,28.633274,12.0
837119,2686164606,95484412@N00,07-2008,79.972229,7.917793,8.0
838014,3514245665,11958714@N07,04-2009,74.876461,31.619949,13.0
838351,111589799,25047992@N00,04-2005,80.050506,15.500333,12.0
838865,5105207142,10267552@N00,10-2010,86.753372,27.82769,16.0
840538,2832653529,9947540@N05,09-2008,72.843561,19.235389,14.0
840623,5407002827,27788004@N02,01-2011,90.409111,23.715149,14.0
841007,4280430897,46643494@N06,01-2010,72.83575,18.942497,12.0
841656,7682284732,9138264@N06,08-2011,88.869875,29.269808,16.0
842033,3438324131,36964961@N06,04-2009,76.116886,11.851433,13.0
842109,8161805521,46273880@N00,01-2007,72.952391,18.331919,16.0
843960,1214215897,82782917@N00,08-2007,75.809955,26.91809,12.0
844561,2333103489,24661421@N02,11-2007,85.522384,27.581633,10.0
846590,6165869726,49876611@N06,08-2011,73.454589,18.552724,10.0
846593,4499745814,60955494@N00,12-2009,84.988527,24.695145,14.0
847595,5775699844,96863630@N00,05-2011,72.854333,19.038833,16.0
848293,6420488429,64449147@N00,11-2010,82.988662,25.317455,13.0
848884,6223216457,33363480@N05,02-1995,74.562866,26.479349,11.0
849492,4254367138,60955494@N00,10-2009,83.007545,25.31889,10.0
849535,5326398957,27526538@N07,01-2011,77.538328,12.991134,13.0
849913,109738278,97037127@N00,03-2006,77.203338,28.555509,13.0
850416,6376326997,34951407@N03,11-2011,74.879808,31.620986,16.0
850499,1357781306,39489503@N00,09-2007,77.237515,28.651989,16.0
852716,3271553737,30889436@N05,01-2009,77.244679,28.609795,15.0
852801,6664790655,42279668@N06,01-2012,76.930333,8.530333,16.0
853695,131734204,15792768@N00,04-2006,72.815322,18.90726,11.0
854404,2923920402,42656687@N00,10-2008,83.011236,25.313032,14.0
854996,607297598,89044848@N00,07-2004,80.050721,24.870123,14.0
855248,2533104848,24661421@N02,11-2007,85.324856,27.672896,16.0
857609,11061554794,77179348@N00,11-2013,76.658319,12.320469,16.0
860012,5192319098,26849070@N00,10-2010,76.807823,30.752531,12.0
862000,2430671691,21375717@N00,04-2008,75.593748,31.29124,12.0
862346,4285676349,20326150@N00,01-2010,77.214574,28.68899,13.0
862930,2971840434,21623815@N03,10-2008,76.37239,27.3957,9.0
864429,9390253204,82096057@N00,07-2013,91.735153,26.194106,12.0
864903,376753639,67307120@N00,01-2007,77.094132,28.498764,16.0
865477,4670206806,74894751@N00,05-2010,84.039291,28.636763,16.0
865970,3987662246,56796376@N00,10-2009,80.249097,13.050966,16.0
866266,3976840890,21889428@N03,10-2009,77.530006,34.169658,11.0
866315,6376343187,80209127@N00,11-2011,77.257662,8.392092,16.0
866727,8564222849,22451301@N00,03-2013,76.471771,15.32026,13.0
866938,435222889,33088287@N00,03-2007,85.32727,27.69992,16.0
867420,4509476899,60955494@N00,01-2010,82.994842,25.33813,11.0
867618,5017591744,7729354@N08,09-2010,77.38306,28.621822,12.0
867950,8197833073,60655620@N00,08-2012,75.205535,13.665086,13.0
867976,953637053,97943995@N00,07-2007,75.91587,11.38294,11.0
868317,25361990,29273052@N00,06-2005,77.566394,12.96207,12.0
869254,2094048586,21255424@N07,11-2007,70.168304,26.951453,9.0
869476,4513640779,60955494@N00,01-2010,82.994842,25.33813,11.0
870010,8556071725,36859875@N00,03-2013,78.042166,27.174833,16.0
871836,5506654981,60297230@N03,02-2011,76.243915,9.965807,11.0
871959,5798996209,18452559@N00,05-2011,85.315446,27.705909,14.0
873737,4463189587,49291907@N00,02-2010,73.911681,15.503891,16.0
875423,4517085083,60955494@N00,02-2010,82.599208,19.606841,4.0
875569,3630192874,39389163@N02,06-2009,72.901389,19.133856,15.0
875972,6221647988,85855348@N00,09-2011,75.850749,26.986433,16.0
876057,3458803788,24776728@N08,08-2007,79.616546,30.638798,11.0
876208,5844888291,7956695@N03,06-2011,76.629638,11.675436,11.0
877611,9075206810,45516485@N00,08-2011,79.526939,30.532102,11.0
877897,7808973330,86054849@N00,08-2012,80.189697,12.608833,16.0
878964,4295165486,13920302@N07,04-2004,74.053344,15.284185,6.0
881214,5505909734,53739619@N00,02-2011,77.591629,13.138328,9.0
883863,10153725934,57673737@N00,09-2013,79.919694,24.853294,16.0
884441,362253586,67793730@N00,01-2007,81.887626,25.426067,12.0
885448,3292358029,34073237@N04,02-2009,75.808625,26.926795,16.0
885774,10258375973,49047294@N06,08-2013,68.841833,35.595,16.0
885829,6054178772,41301446@N05,08-2011,85.319995,27.677903,11.0
886379,9561993618,11668043@N00,08-2013,75.827089,22.686736,16.0
888275,3386082298,11124467@N02,05-2008,74.947561,31.141133,16.0
888323,8207035424,46273880@N00,07-2008,73.69448,24.576052,16.0
888779,4509859259,60955494@N00,01-2010,82.994842,25.33813,11.0
888806,5692804679,28650594@N03,05-2011,67.678939,33.93045,2.0
889518,5121202378,21714880@N05,10-2010,89.683842,27.458663,13.0
889550,2487953483,30088500@N00,05-2008,90.413644,23.70399,16.0
890145,4420346454,44124332252@N01,10-2009,85.4245,27.671333,16.0
890673,440998362,75586657@N00,01-2007,83.283233,17.73953,8.0
893241,3025836955,48587703@N00,11-2008,72.956653,21.272978,15.0
894202,7182231146,15427108@N05,04-2012,73.97262,15.439791,15.0
894594,2093129215,21255424@N07,11-2007,70.168304,26.951453,9.0
895447,13377527333,37313707@N00,03-2014,84.884558,22.260763,16.0
895546,4111240909,42833030@N04,11-1978,84.979248,27.955591,6.0
895842,5583534784,60905522@N08,06-2010,77.170372,32.237488,11.0
897266,13671394145,84448650@N02,02-2014,77.21068,28.695063,16.0
897382,4649580784,25095063@N04,08-2008,76.701308,11.405397,16.0
897495,510616306,90031398@N00,05-2007,73.685002,24.571421,14.0
898174,6275975596,43564846@N07,09-2011,77.233355,28.651336,16.0
898728,8250075131,79636838@N06,07-2012,75.278062,27.857365,13.0
898795,3551947043,89027534@N00,01-2008,77.581522,13.01337,16.0
899295,5041113013,37403827@N00,10-2010,72.910251,19.210265,12.0
899671,6734223599,36521983709@N01,01-2012,75.9696,12.41537,13.0
900481,389740213,10334944@N00,01-2007,77.958984,27.274161,5.0
900859,622458393,89044848@N00,07-2004,77.18551,28.524312,16.0
902003,4393374504,24862929@N02,02-2010,76.02539,11.503407,12.0
903360,5891685393,40584328@N00,06-2011,77.612078,12.97424,15.0
903440,5696216453,7739090@N05,04-2011,91.132011,29.650499,11.0
903579,339213055,65301445@N00,12-2006,77.590942,12.977794,9.0
904227,6789602905,51917228@N05,01-2012,77.158527,9.619875,14.0
906736,1189761766,45818641@N00,08-2007,77.262039,12.744083,12.0
907089,9716640989,62466827@N02,09-2013,73.672835,24.574777,15.0
907470,3475022325,25152220@N00,04-2009,77.69493,12.9399,16.0
909509,3369993744,11124467@N02,05-2008,77.080923,28.597085,16.0
912366,7988407887,7174746@N05,08-2012,80.922718,7.995827,12.0
913817,2796934037,12276011@N02,08-2008,90.6427,23.818013,8.0
914227,349235805,91314344@N00,01-2007,72.972822,19.257617,16.0
915072,5439051554,55228353@N00,11-2010,78.02201,27.176612,16.0
915863,4878339357,30798712@N02,08-2010,77.220067,28.594488,12.0
916867,4516884403,60955494@N00,01-2010,82.994842,25.33813,11.0
919046,3284507037,35429720@N05,02-2009,74.547879,26.491661,14.0
919075,2592810499,31477369@N00,06-2008,72.820515,18.927133,15.0
920833,6894306862,80209127@N00,03-2012,72.931228,18.964012,16.0
921272,3791933108,48889048097@N01,07-2009,78.671207,10.777367,13.0
922979,3491737940,37865208@N04,03-2009,74.742736,19.112082,9.0
925307,6861030520,45493649@N00,03-2012,75.836563,26.934677,16.0
926034,3292481650,51886699@N00,02-2009,73.028869,19.11857,10.0
926122,7502257252,45093568@N08,07-2012,77.579741,12.970476,14.0
926505,8564387384,29864057@N03,02-2013,88.364453,22.571377,14.0
928728,2293454339,8971853@N08,02-2008,83.014068,25.324787,9.0
928870,5426355372,23193408@N00,01-2011,76.63805,11.569675,12.0
929229,1412009748,7399347@N05,09-2007,73.868293,18.533978,11.0
930668,4043882092,38380696@N03,05-2009,77.526483,34.177411,14.0
930843,4325524948,20144186@N04,10-2009,78.298875,17.359036,16.0
930961,9216657183,17046628@N08,05-2013,72.901333,19.134333,16.0
931502,9197812100,8250978@N04,01-2013,77.67738,27.572427,16.0
931564,3394938284,40855786@N00,03-2009,74.553909,26.488704,10.0
931679,3902745651,29675285@N02,09-2009,73.513383,25.107829,13.0
932192,8213404494,11803716@N00,11-2012,77.612915,12.961735,10.0
932631,3967134266,76294536@N00,08-2009,85.310554,27.709898,12.0
932782,6834577508,80209127@N00,03-2012,73.773114,15.491971,16.0
932876,7051025573,95672737@N00,02-2012,86.608657,27.999403,12.0
933206,409841087,43546466@N00,03-2007,73.820314,15.602205,12.0
934707,6027954845,17155762@N00,08-2011,77.22467,28.625853,16.0
935034,5263133473,12213241@N00,11-2010,74.868564,31.636429,11.0
935541,8431167312,49258007@N03,01-2013,90.396537,23.71181,11.0
936457,6687124425,46112049@N02,01-2012,88.334155,22.55277,14.0
937082,2063121353,72295842@N00,11-2007,73.671913,24.588495,12.0
937766,1198530995,69767171@N00,09-2007,69.166488,34.529469,10.0
938399,3199058166,21375717@N00,01-2009,75.593748,31.29124,12.0
939149,3420814974,21375717@N00,04-2009,75.590738,31.296669,16.0
939400,5439014992,72245999@N00,02-2011,78.456832,17.43221,16.0
940288,5404006464,10209031@N08,01-2011,77.620979,12.9558,11.0
940897,3292689970,34073237@N04,02-2009,78.027198,27.175619,16.0
941106,3367090919,11124467@N02,05-2008,76.806325,30.749088,16.0
941351,13675430174,69754706@N02,11-2013,83.012952,25.309352,16.0
941568,7060141431,7183730@N06,03-2012,77.245833,28.643166,16.0
941656,5426408153,20144186@N04,01-2011,73.816714,15.594093,16.0
942206,4303376876,68117180@N00,12-2009,77.22496,28.635307,16.0
942629,8792097658,20830391@N04,08-2010,75.787125,26.920233,16.0
942643,415395697,43145783@N00,11-2006,75.815448,26.919927,12.0
944541,5791815800,8382111@N02,04-2011,85.364048,27.725209,15.0
945149,5580922455,34181233@N06,02-2011,74.021369,15.012169,1.0
945441,6969853996,84538407@N00,04-2012,77.113208,30.969734,16.0
945999,1463742117,22598847@N00,09-2007,80.255126,13.132979,7.0
946812,4552101311,41556154@N06,01-2007,78.173546,29.964354,16.0
946817,12026204025,37313707@N00,01-2014,84.857025,22.178122,16.0
947696,6133996783,72155957@N00,08-2011,74.314613,27.129347,13.0
948872,2127428564,44124298927@N01,12-2007,80.244741,13.062485,15.0
948959,782143211,28747587@N00,07-2007,73.512954,18.640064,12.0
950336,583532287,48889048097@N01,06-2004,78.671464,10.777282,13.0
951136,8389340437,54717162@N00,01-2013,73.906294,15.499805,16.0
951804,203778715,13388133@N00,08-2006,72.542724,23.010228,9.0
952238,3220026137,26124666@N00,01-2009,74.032917,15.459388,12.0
953801,4398624827,48006266@N04,02-2009,72.62392,22.324432,12.0
955123,2270957320,21065503@N02,01-2008,75.673828,27.254629,3.0
955454,2398876555,50123898@N00,04-2008,72.837488,19.032058,14.0
956180,8897039516,55715411@N00,03-1999,85.333333,27.7,16.0
956609,8195811174,21815205@N00,11-2012,78.327943,17.454116,16.0
961087,3555542065,36476418@N00,12-2006,77.216575,28.626757,16.0
961632,371438044,12498350@N00,01-2007,85.286865,27.720004,7.0
962689,1600738412,8095835@N08,10-2007,77.55661,12.971438,12.0
963639,10570515634,93382693@N00,10-2012,77.238607,28.655871,13.0
963677,4289594856,64087373@N00,01-2010,78.021554,27.184104,13.0
964285,12679516375,10345599@N03,02-2014,85.320521,27.68063,16.0
964883,8532788293,22991176@N02,03-2013,83.989105,28.227575,10.0
965125,5339880447,49809164@N05,11-2010,75.783691,26.926967,8.0
965781,9610191484,97490011@N06,08-2013,83.015413,25.318011,11.0
966201,5877022021,40584328@N00,06-2011,78.207378,11.777628,12.0
966407,5070775613,44112235@N04,07-2010,74.369888,31.53136,12.0
966690,550290150,89044848@N00,12-2006,79.92897,24.852562,12.0
966901,5642992499,46164638@N03,04-2011,77.221183,28.639376,11.0
967383,8304597726,86251620@N00,11-2012,89.37493,27.751502,16.0
967741,8082959104,39489503@N00,10-2012,84.541627,27.883308,16.0
967909,4793530583,53739619@N00,09-2006,76.290435,12.131977,16.0
968183,8170149866,27291676@N06,11-2012,77.577209,12.985824,8.0
968517,394635461,39837166@N00,02-2007,73.891983,15.339733,13.0
968767,1274890538,53493424@N00,07-2007,72.905852,19.207793,16.0
969122,2616230217,19036523@N00,05-2008,83.010286,25.308435,16.0
969414,554154262,89044848@N00,12-2006,79.92897,24.852562,12.0
970277,2206316223,37936363@N00,01-2008,77.277488,12.716874,12.0
970859,6955805216,33777810@N08,03-2012,72.843704,19.36006,11.0
971030,8413413249,57974319@N00,12-2010,77.664686,27.096541,16.0
972547,298657516,12771303@N00,11-2006,72.588901,23.023894,12.0
974158,5435526326,14584356@N08,05-2010,92.176391,29.668176,10.0
974915,4513238513,89743353@N00,04-2010,77.546997,12.831887,10.0
975134,3024797445,48587703@N00,11-2008,73.68144,21.876394,12.0
976074,6161282577,74821492@N00,09-2011,72.384117,23.13991,16.0
976429,2122876828,90417577@N00,08-2007,77.573089,12.963743,9.0
976820,12045518573,13014046@N00,01-2014,73.704694,15.681418,16.0
977827,6781739087,37850683@N04,01-2012,76.499862,28.357265,12.0
979344,3759669554,22098403@N00,07-2009,75.991401,13.217553,11.0
980803,8581910488,22991176@N02,03-2013,86.618957,27.963475,10.0
982096,5163100928,50979393@N00,11-2010,85.431963,27.674869,16.0
983121,4413201089,10440180@N03,03-2010,78.2015,29.990922,16.0
984251,6643069389,88395838@N00,03-2008,88.305187,27.172651,11.0
985739,565594138,89044848@N00,01-2007,75.837142,26.979767,15.0
986021,583950850,48889048097@N01,03-2005,80.232124,13.04085,12.0
986731,4737726755,60955494@N00,06-2010,83.983268,28.686145,13.0
987061,5555960972,25762759@N05,03-2011,78.483333,17.466666,16.0
987281,3471651349,25794509@N05,07-2008,91.054687,23.997627,4.0
988733,6736666021,51917228@N05,09-2011,77.168569,9.611793,14.0
989125,2321652091,24069847@N06,08-2003,85.832061,19.819682,9.0
989381,5695526908,37850683@N04,05-2011,77.17889,28.511086,15.0
989940,8536684446,13070711@N03,03-2013,77.602229,13.017896,15.0
990474,6622562707,25428033@N07,04-2011,91.744613,26.17468,11.0
990738,474937325,17754816@N00,04-2007,88.26622,27.043684,12.0
990879,9873556084,88589827@N00,09-2013,69.219596,34.571677,16.0
992107,3526354136,94965208@N00,04-2009,78.708801,10.810712,11.0
992227,2938127322,48889048097@N01,10-2008,77.672266,12.967496,16.0
992430,6950735980,91745097@N00,04-2012,77.178697,10.020497,13.0
993465,2269023811,23791860@N03,02-2006,77.245978,28.592435,15.0
994695,3617454752,9720378@N06,04-2009,80.190238,12.622247,12.0
995070,556865969,89044848@N00,12-2006,80.185689,24.70095,15.0
995327,2123782505,90417577@N00,08-2007,78.041944,27.174358,16.0
995841,2510911802,21375717@N00,05-2008,75.593748,31.29124,12.0
996919,10622049046,90547847@N06,11-2013,77.181358,28.56628,13.0
997549,6334577452,28552823@N02,10-2011,79.923477,24.859649,12.0
997683,1094183359,91314344@N00,08-2007,72.837789,18.977975,16.0
998144,883682198,10486874@N08,07-2007,85.312957,27.711798,12.0
998417,4605686331,25095063@N04,12-2008,74.316158,14.529388,16.0
998880,8212329913,11803716@N00,11-2012,77.612915,12.961735,10.0
999004,607115138,89044848@N00,07-2004,80.050721,24.870123,14.0
999370,332504558,91314344@N00,12-2006,72.978487,19.256549,16.0
